queueVersion,queueChecksum,word,candidateId,length,reviewerId,reviewedAt,source,class,confidence,note
"human-golden-queue-v1","30e9d84fc23034ccb0eabac97f9e8f05b18f4218585e308b703346c2cd768ceb","'BOUT","bbb34d2d5ad0faf8","5","","","human-review-v1","","",""
"human-golden-queue-v1","30e9d84fc23034ccb0eabac97f9e8f05b18f4218585e308b703346c2cd768ceb","'TWAS","2d8837cbb5f82940","5","","","human-review-v1","","",""
"human-golden-queue-v1","30e9d84fc23034ccb0eabac97f9e8f05b18f4218585e308b703346c2cd768ceb","A CAPPELLA","3ed27ca7feab1d2b","10","","","human-review-v1","","",""
"human-golden-queue-v1","30e9d84fc23034ccb0eabac97f9e8f05b18f4218585e308b703346c2cd768ceb","A-BOMB","5cb36bbe1f3d355f","6","","","human-review-v1","","",""
"human-golden-queue-v1","30e9d84fc23034ccb0eabac97f9e8f05b18f4218585e308b703346c2cd768ceb","A.M.A.","c1a47fa3e2fd39c0","6","","","human-review-v1","","",""
"human-golden-queue-v1","30e9d84fc23034ccb0eabac97f9e8f05b18f4218585e308b703346c2cd768ceb","A1","532e7bfbdda839ab","2","","","human-review-v1","","",""
"human-golden-queue-v1","30e9d84fc23034ccb0eabac97f9e8f05b18f4218585e308b703346c2cd768ceb","AAA","baf01b48fd60cf46","3","","","human-review-v1","","",""
"human-golden-queue-v1","30e9d84fc23034ccb0eabac97f9e8f05b18f4218585e308b703346c2cd768ceb","AAA'S","f9db117cc363ddf7","5","","","human-review-v1","","",""
"human-golden-queue-v1","30e9d84fc23034ccb0eabac97f9e8f05b18f4218585e308b703346c2cd768ceb","AB","56817421faf0ca0d","2","","","human-review-v1","","",""
"human-golden-queue-v1","30e9d84fc23034ccb0eabac97f9e8f05b18f4218585e308b703346c2cd768ceb","ABACUSES","f5c7e1e39acea642","8","","","human-review-v1","","",""
"human-golden-queue-v1","30e9d84fc23034ccb0eabac97f9e8f05b18f4218585e308b703346c2cd768ceb","ABBASID","558b4af2e916fda7","7","","","human-review-v1","","",""
"human-golden-queue-v1","30e9d84fc23034ccb0eabac97f9e8f05b18f4218585e308b703346c2cd768ceb","ABBÉ","615f5b187cca6257","4","","","human-review-v1","","",""
"human-golden-queue-v1","30e9d84fc23034ccb0eabac97f9e8f05b18f4218585e308b703346c2cd768ceb","ABC","57befb5dee4d2cd3","3","","","human-review-v1","","",""
"human-golden-queue-v1","30e9d84fc23034ccb0eabac97f9e8f05b18f4218585e308b703346c2cd768ceb","ABDOMENS","0fc3b9ac624cbb6d","8","","","human-review-v1","","",""
"human-golden-queue-v1","30e9d84fc23034ccb0eabac97f9e8f05b18f4218585e308b703346c2cd768ceb","ABDUL-JABBAR","0276d64066b62c53","12","","","human-review-v1","","",""
"human-golden-queue-v1","30e9d84fc23034ccb0eabac97f9e8f05b18f4218585e308b703346c2cd768ceb","ABE","774917460a08d85f","3","","","human-review-v1","","",""
"human-golden-queue-v1","30e9d84fc23034ccb0eabac97f9e8f05b18f4218585e308b703346c2cd768ceb","ABE'S","50d7277e6766e0f0","5","","","human-review-v1","","",""
"human-golden-queue-v1","30e9d84fc23034ccb0eabac97f9e8f05b18f4218585e308b703346c2cd768ceb","ABETTOR'S","5f6cddcf43332298","9","","","human-review-v1","","",""
"human-golden-queue-v1","30e9d84fc23034ccb0eabac97f9e8f05b18f4218585e308b703346c2cd768ceb","ABM","c290a77611ee2f9f","3","","","human-review-v1","","",""
"human-golden-queue-v1","30e9d84fc23034ccb0eabac97f9e8f05b18f4218585e308b703346c2cd768ceb","ABOUT-FACED","31f50d1c9aeabe55","11","","","human-review-v1","","",""
"human-golden-queue-v1","30e9d84fc23034ccb0eabac97f9e8f05b18f4218585e308b703346c2cd768ceb","ABOUT-FACES","761e1506a788af81","11","","","human-review-v1","","",""
"human-golden-queue-v1","30e9d84fc23034ccb0eabac97f9e8f05b18f4218585e308b703346c2cd768ceb","ABRAHAM'S","49bbea5404bd7231","9","","","human-review-v1","","",""
"human-golden-queue-v1","30e9d84fc23034ccb0eabac97f9e8f05b18f4218585e308b703346c2cd768ceb","ABRAMS","cc3999296d6876b9","6","","","human-review-v1","","",""
"human-golden-queue-v1","30e9d84fc23034ccb0eabac97f9e8f05b18f4218585e308b703346c2cd768ceb","ABROGATED","155ddb7095a11b25","9","","","human-review-v1","","",""
"human-golden-queue-v1","30e9d84fc23034ccb0eabac97f9e8f05b18f4218585e308b703346c2cd768ceb","ABS","71ed31a6b915f273","3","","","human-review-v1","","",""
"human-golden-queue-v1","30e9d84fc23034ccb0eabac97f9e8f05b18f4218585e308b703346c2cd768ceb","ABSENTEE BALLOT","c352ef38b58db41a","15","","","human-review-v1","","",""
"human-golden-queue-v1","30e9d84fc23034ccb0eabac97f9e8f05b18f4218585e308b703346c2cd768ceb","ABSENTEE LANDLORD","0e0077ed0ad387d7","17","","","human-review-v1","","",""
"human-golden-queue-v1","30e9d84fc23034ccb0eabac97f9e8f05b18f4218585e308b703346c2cd768ceb","ABSOLUTE PITCH","20436873094c9a8b","14","","","human-review-v1","","",""
"human-golden-queue-v1","30e9d84fc23034ccb0eabac97f9e8f05b18f4218585e308b703346c2cd768ceb","ABSTAINER'S","4254327141865861","11","","","human-review-v1","","",""
"human-golden-queue-v1","30e9d84fc23034ccb0eabac97f9e8f05b18f4218585e308b703346c2cd768ceb","ABSTAINERS","47def8b6242748fd","10","","","human-review-v1","","",""
"human-golden-queue-v1","30e9d84fc23034ccb0eabac97f9e8f05b18f4218585e308b703346c2cd768ceb","ABSTRACT NOUN","6f92cf526b293dbe","13","","","human-review-v1","","",""
"human-golden-queue-v1","30e9d84fc23034ccb0eabac97f9e8f05b18f4218585e308b703346c2cd768ceb","ABSURDIST'S","7a0b4290a3b28c1b","11","","","human-review-v1","","",""
"human-golden-queue-v1","30e9d84fc23034ccb0eabac97f9e8f05b18f4218585e308b703346c2cd768ceb","ABU DHABI'S","89fb6ba30fd038c2","11","","","human-review-v1","","",""
"human-golden-queue-v1","30e9d84fc23034ccb0eabac97f9e8f05b18f4218585e308b703346c2cd768ceb","AC","019f7b5baa971d68","2","","","human-review-v1","","",""
"human-golden-queue-v1","30e9d84fc23034ccb0eabac97f9e8f05b18f4218585e308b703346c2cd768ceb","ACHOO","c5d30adb62d22ce4","5","","","human-review-v1","","",""
"human-golden-queue-v1","30e9d84fc23034ccb0eabac97f9e8f05b18f4218585e308b703346c2cd768ceb","ACQUIRES","67cdf7dcaf242a98","8","","","human-review-v1","","",""
"human-golden-queue-v1","30e9d84fc23034ccb0eabac97f9e8f05b18f4218585e308b703346c2cd768ceb","ACQUISITION","d7beee299b94d60c","11","","","human-review-v1","","",""
"human-golden-queue-v1","30e9d84fc23034ccb0eabac97f9e8f05b18f4218585e308b703346c2cd768ceb","ACQUITTING","e1b44a7db87a6932","10","","","human-review-v1","","",""
"human-golden-queue-v1","30e9d84fc23034ccb0eabac97f9e8f05b18f4218585e308b703346c2cd768ceb","ACUPRESSURE","cf5170f2c5c23ce2","11","","","human-review-v1","","",""
"human-golden-queue-v1","30e9d84fc23034ccb0eabac97f9e8f05b18f4218585e308b703346c2cd768ceb","ACUPUNCTURISTS","cf4b7419ee0e1631","14","","","human-review-v1","","",""
"human-golden-queue-v1","30e9d84fc23034ccb0eabac97f9e8f05b18f4218585e308b703346c2cd768ceb","ACYL","35791aed245d8a3e","4","","","human-review-v1","","",""
"human-golden-queue-v1","30e9d84fc23034ccb0eabac97f9e8f05b18f4218585e308b703346c2cd768ceb","ADDICTIONS","39308143aba81206","10","","","human-review-v1","","",""
"human-golden-queue-v1","30e9d84fc23034ccb0eabac97f9e8f05b18f4218585e308b703346c2cd768ceb","ADJACENT","4490ab650642ee30","8","","","human-review-v1","","",""
"human-golden-queue-v1","30e9d84fc23034ccb0eabac97f9e8f05b18f4218585e308b703346c2cd768ceb","ADMONITIONS","f69899aabf7f74a9","11","","","human-review-v1","","",""
"human-golden-queue-v1","30e9d84fc23034ccb0eabac97f9e8f05b18f4218585e308b703346c2cd768ceb","ADVERSITIES","0c22851389b2fcf4","11","","","human-review-v1","","",""
"human-golden-queue-v1","30e9d84fc23034ccb0eabac97f9e8f05b18f4218585e308b703346c2cd768ceb","ADVERTED","471e35599ca47a75","8","","","human-review-v1","","",""
"human-golden-queue-v1","30e9d84fc23034ccb0eabac97f9e8f05b18f4218585e308b703346c2cd768ceb","AERODYNAMICS","1f992352f594cd8f","12","","","human-review-v1","","",""
"human-golden-queue-v1","30e9d84fc23034ccb0eabac97f9e8f05b18f4218585e308b703346c2cd768ceb","AESTHETICS","1e9edd2a6743b8a0","10","","","human-review-v1","","",""
"human-golden-queue-v1","30e9d84fc23034ccb0eabac97f9e8f05b18f4218585e308b703346c2cd768ceb","AFFLICT","cd3ca95f01f7e10a","7","","","human-review-v1","","",""
"human-golden-queue-v1","30e9d84fc23034ccb0eabac97f9e8f05b18f4218585e308b703346c2cd768ceb","AFFLICTED","e11a9a9b6bccee0a","9","","","human-review-v1","","",""
"human-golden-queue-v1","30e9d84fc23034ccb0eabac97f9e8f05b18f4218585e308b703346c2cd768ceb","AFT","58bc93ea10ea8860","3","","","human-review-v1","","",""
"human-golden-queue-v1","30e9d84fc23034ccb0eabac97f9e8f05b18f4218585e308b703346c2cd768ceb","AGERATUM","e1a5fc89c4f73124","8","","","human-review-v1","","",""
"human-golden-queue-v1","30e9d84fc23034ccb0eabac97f9e8f05b18f4218585e308b703346c2cd768ceb","AGGRO","8943acb3b5d1f422","5","","","human-review-v1","","",""
"human-golden-queue-v1","30e9d84fc23034ccb0eabac97f9e8f05b18f4218585e308b703346c2cd768ceb","AGREE","483c09f43e798d05","5","","","human-review-v1","","",""
"human-golden-queue-v1","30e9d84fc23034ccb0eabac97f9e8f05b18f4218585e308b703346c2cd768ceb","AHA","cda9a001dd277593","3","","","human-review-v1","","",""
"human-golden-queue-v1","30e9d84fc23034ccb0eabac97f9e8f05b18f4218585e308b703346c2cd768ceb","AID","1f177ad21d09fbb2","3","","","human-review-v1","","",""
"human-golden-queue-v1","30e9d84fc23034ccb0eabac97f9e8f05b18f4218585e308b703346c2cd768ceb","AINU","a8fe226f02f8cb4e","4","","","human-review-v1","","",""
"human-golden-queue-v1","30e9d84fc23034ccb0eabac97f9e8f05b18f4218585e308b703346c2cd768ceb","AIRWAYS","406ab08712a18627","7","","","human-review-v1","","",""
"human-golden-queue-v1","30e9d84fc23034ccb0eabac97f9e8f05b18f4218585e308b703346c2cd768ceb","AIRWORTHINESS","111833fd1450d4f8","13","","","human-review-v1","","",""
"human-golden-queue-v1","30e9d84fc23034ccb0eabac97f9e8f05b18f4218585e308b703346c2cd768ceb","AITCH","97dd2842575a2f62","5","","","human-review-v1","","",""
"human-golden-queue-v1","30e9d84fc23034ccb0eabac97f9e8f05b18f4218585e308b703346c2cd768ceb","ALB","b30285c308784040","3","","","human-review-v1","","",""
"human-golden-queue-v1","30e9d84fc23034ccb0eabac97f9e8f05b18f4218585e308b703346c2cd768ceb","ALE","eac071330a73e671","3","","","human-review-v1","","",""
"human-golden-queue-v1","30e9d84fc23034ccb0eabac97f9e8f05b18f4218585e308b703346c2cd768ceb","ALERTLY","51c19fec4843916f","7","","","human-review-v1","","",""
"human-golden-queue-v1","30e9d84fc23034ccb0eabac97f9e8f05b18f4218585e308b703346c2cd768ceb","ALGAL","9d46d3683d896292","5","","","human-review-v1","","",""
"human-golden-queue-v1","30e9d84fc23034ccb0eabac97f9e8f05b18f4218585e308b703346c2cd768ceb","ALI","5d7633e299d0ffb8","3","","","human-review-v1","","",""
"human-golden-queue-v1","30e9d84fc23034ccb0eabac97f9e8f05b18f4218585e308b703346c2cd768ceb","ALIENATION","b1ef6a62c8938d86","10","","","human-review-v1","","",""
"human-golden-queue-v1","30e9d84fc23034ccb0eabac97f9e8f05b18f4218585e308b703346c2cd768ceb","ALIGHTED","fac4a6f73180fd88","8","","","human-review-v1","","",""
"human-golden-queue-v1","30e9d84fc23034ccb0eabac97f9e8f05b18f4218585e308b703346c2cd768ceb","ALL","0848219887a51155","3","","","human-review-v1","","",""
"human-golden-queue-v1","30e9d84fc23034ccb0eabac97f9e8f05b18f4218585e308b703346c2cd768ceb","ALLELUIA","797e34b93387d261","8","","","human-review-v1","","",""
"human-golden-queue-v1","30e9d84fc23034ccb0eabac97f9e8f05b18f4218585e308b703346c2cd768ceb","ALT","5294f9cd2fb0a5a4","3","","","human-review-v1","","",""
"human-golden-queue-v1","30e9d84fc23034ccb0eabac97f9e8f05b18f4218585e308b703346c2cd768ceb","ALTERATION","247bc4128f531d79","10","","","human-review-v1","","",""
"human-golden-queue-v1","30e9d84fc23034ccb0eabac97f9e8f05b18f4218585e308b703346c2cd768ceb","ALTO","7711286e10f4f939","4","","","human-review-v1","","",""
"human-golden-queue-v1","30e9d84fc23034ccb0eabac97f9e8f05b18f4218585e308b703346c2cd768ceb","ALUM","1204e2b9e131fea9","4","","","human-review-v1","","",""
"human-golden-queue-v1","30e9d84fc23034ccb0eabac97f9e8f05b18f4218585e308b703346c2cd768ceb","AMASSES","89debabc9b71e688","7","","","human-review-v1","","",""
"human-golden-queue-v1","30e9d84fc23034ccb0eabac97f9e8f05b18f4218585e308b703346c2cd768ceb","AMENDMENTS","58f814b9db635709","10","","","human-review-v1","","",""
"human-golden-queue-v1","30e9d84fc23034ccb0eabac97f9e8f05b18f4218585e308b703346c2cd768ceb","ANATHEMA","82b6f4bf868f117a","8","","","human-review-v1","","",""
"human-golden-queue-v1","30e9d84fc23034ccb0eabac97f9e8f05b18f4218585e308b703346c2cd768ceb","ANCESTRESSES","9c65bec168de9c54","12","","","human-review-v1","","",""
"human-golden-queue-v1","30e9d84fc23034ccb0eabac97f9e8f05b18f4218585e308b703346c2cd768ceb","ANCHOVY","5e761d3113ffaf74","7","","","human-review-v1","","",""
"human-golden-queue-v1","30e9d84fc23034ccb0eabac97f9e8f05b18f4218585e308b703346c2cd768ceb","ANGELFISH","3e7dd00a525b474e","9","","","human-review-v1","","",""
"human-golden-queue-v1","30e9d84fc23034ccb0eabac97f9e8f05b18f4218585e308b703346c2cd768ceb","ANGLOPHILES","a8e33cb01440555a","11","","","human-review-v1","","",""
"human-golden-queue-v1","30e9d84fc23034ccb0eabac97f9e8f05b18f4218585e308b703346c2cd768ceb","ANIMADVERT","8f4d2ddbd90b0978","10","","","human-review-v1","","",""
"human-golden-queue-v1","30e9d84fc23034ccb0eabac97f9e8f05b18f4218585e308b703346c2cd768ceb","ANNIHILATING","a60bbdda0b31aff3","12","","","human-review-v1","","",""
"human-golden-queue-v1","30e9d84fc23034ccb0eabac97f9e8f05b18f4218585e308b703346c2cd768ceb","ANNOYANCE","2c123156da956ef2","9","","","human-review-v1","","",""
"human-golden-queue-v1","30e9d84fc23034ccb0eabac97f9e8f05b18f4218585e308b703346c2cd768ceb","ANNUITIES","8d5da9944e30cee6","9","","","human-review-v1","","",""
"human-golden-queue-v1","30e9d84fc23034ccb0eabac97f9e8f05b18f4218585e308b703346c2cd768ceb","ANOREXIC","51681a7543e6d8c1","8","","","human-review-v1","","",""
"human-golden-queue-v1","30e9d84fc23034ccb0eabac97f9e8f05b18f4218585e308b703346c2cd768ceb","ANTENNAE","6166eac21ca53df7","8","","","human-review-v1","","",""
"human-golden-queue-v1","30e9d84fc23034ccb0eabac97f9e8f05b18f4218585e308b703346c2cd768ceb","ANTENNAS","db0a625ce4362735","8","","","human-review-v1","","",""
"human-golden-queue-v1","30e9d84fc23034ccb0eabac97f9e8f05b18f4218585e308b703346c2cd768ceb","ANTHROPOIDS","ac634effb1351d2d","11","","","human-review-v1","","",""
"human-golden-queue-v1","30e9d84fc23034ccb0eabac97f9e8f05b18f4218585e308b703346c2cd768ceb","ANTIFEMINIST","e8ab3b617692d583","12","","","human-review-v1","","",""
"human-golden-queue-v1","30e9d84fc23034ccb0eabac97f9e8f05b18f4218585e308b703346c2cd768ceb","ANTINUCLEAR","d53cbfc72f501f5c","11","","","human-review-v1","","",""
"human-golden-queue-v1","30e9d84fc23034ccb0eabac97f9e8f05b18f4218585e308b703346c2cd768ceb","ANTIQUATED","1dddcd241e13890d","10","","","human-review-v1","","",""
"human-golden-queue-v1","30e9d84fc23034ccb0eabac97f9e8f05b18f4218585e308b703346c2cd768ceb","ANTIVENIN","1e44cce53001d0b3","9","","","human-review-v1","","",""
"human-golden-queue-v1","30e9d84fc23034ccb0eabac97f9e8f05b18f4218585e308b703346c2cd768ceb","ANY","4fbc9d9661990bdf","3","","","human-review-v1","","",""
"human-golden-queue-v1","30e9d84fc23034ccb0eabac97f9e8f05b18f4218585e308b703346c2cd768ceb","ANYHOW","1919d56e0cf0d9c2","6","","","human-review-v1","","",""
"human-golden-queue-v1","30e9d84fc23034ccb0eabac97f9e8f05b18f4218585e308b703346c2cd768ceb","APIARISTS","9909c3ec0e096420","9","","","human-review-v1","","",""
"human-golden-queue-v1","30e9d84fc23034ccb0eabac97f9e8f05b18f4218585e308b703346c2cd768ceb","APP","21f7df43e943030d","3","","","human-review-v1","","",""
"human-golden-queue-v1","30e9d84fc23034ccb0eabac97f9e8f05b18f4218585e308b703346c2cd768ceb","APPENDIXES","884215cec9e3e72b","10","","","human-review-v1","","",""
"human-golden-queue-v1","30e9d84fc23034ccb0eabac97f9e8f05b18f4218585e308b703346c2cd768ceb","APPLET","7a02452c3e0a3bf5","6","","","human-review-v1","","",""
"human-golden-queue-v1","30e9d84fc23034ccb0eabac97f9e8f05b18f4218585e308b703346c2cd768ceb","APR","ce25fb83b98eaa9a","3","","","human-review-v1","","",""
"human-golden-queue-v1","30e9d84fc23034ccb0eabac97f9e8f05b18f4218585e308b703346c2cd768ceb","APRILS","7de2eac600629a01","6","","","human-review-v1","","",""
"human-golden-queue-v1","30e9d84fc23034ccb0eabac97f9e8f05b18f4218585e308b703346c2cd768ceb","APT","606f8ca78a9c6bdc","3","","","human-review-v1","","",""
"human-golden-queue-v1","30e9d84fc23034ccb0eabac97f9e8f05b18f4218585e308b703346c2cd768ceb","AQUATICALLY","2307e1d0a0f8de93","11","","","human-review-v1","","",""
"human-golden-queue-v1","30e9d84fc23034ccb0eabac97f9e8f05b18f4218585e308b703346c2cd768ceb","ARARAT","6bf39a0819aad008","6","","","human-review-v1","","",""
"human-golden-queue-v1","30e9d84fc23034ccb0eabac97f9e8f05b18f4218585e308b703346c2cd768ceb","ARBITRATES","679ef78952d55d57","10","","","human-review-v1","","",""
"human-golden-queue-v1","30e9d84fc23034ccb0eabac97f9e8f05b18f4218585e308b703346c2cd768ceb","ARBORVITAE","b04544cd160eb4f6","10","","","human-review-v1","","",""
"human-golden-queue-v1","30e9d84fc23034ccb0eabac97f9e8f05b18f4218585e308b703346c2cd768ceb","ARCHIVISTS","3fe443672968e4ef","10","","","human-review-v1","","",""
"human-golden-queue-v1","30e9d84fc23034ccb0eabac97f9e8f05b18f4218585e308b703346c2cd768ceb","ARE","bd9a083d159a6a84","3","","","human-review-v1","","",""
"human-golden-queue-v1","30e9d84fc23034ccb0eabac97f9e8f05b18f4218585e308b703346c2cd768ceb","ARRANGE","5b946dcdda81ed44","7","","","human-review-v1","","",""
"human-golden-queue-v1","30e9d84fc23034ccb0eabac97f9e8f05b18f4218585e308b703346c2cd768ceb","ARTIFACT","7e372203d17790ba","8","","","human-review-v1","","",""
"human-golden-queue-v1","30e9d84fc23034ccb0eabac97f9e8f05b18f4218585e308b703346c2cd768ceb","ARTY","e31712d653bb9108","4","","","human-review-v1","","",""
"human-golden-queue-v1","30e9d84fc23034ccb0eabac97f9e8f05b18f4218585e308b703346c2cd768ceb","ASCERTAINED","5fa39a794287643d","11","","","human-review-v1","","",""
"human-golden-queue-v1","30e9d84fc23034ccb0eabac97f9e8f05b18f4218585e308b703346c2cd768ceb","ASK","f8ed8a2f7fcf9366","3","","","human-review-v1","","",""
"human-golden-queue-v1","30e9d84fc23034ccb0eabac97f9e8f05b18f4218585e308b703346c2cd768ceb","ASKED","6fa73b9e8565135a","5","","","human-review-v1","","",""
"human-golden-queue-v1","30e9d84fc23034ccb0eabac97f9e8f05b18f4218585e308b703346c2cd768ceb","ASP","e94b4bb6b421e57d","3","","","human-review-v1","","",""
"human-golden-queue-v1","30e9d84fc23034ccb0eabac97f9e8f05b18f4218585e308b703346c2cd768ceb","ASPARTAME","392249798df93c07","9","","","human-review-v1","","",""
"human-golden-queue-v1","30e9d84fc23034ccb0eabac97f9e8f05b18f4218585e308b703346c2cd768ceb","ASPERSIONS","37f29a3d6cadcc1b","10","","","human-review-v1","","",""
"human-golden-queue-v1","30e9d84fc23034ccb0eabac97f9e8f05b18f4218585e308b703346c2cd768ceb","ASPIRATOR","c690295e3d0edfdd","9","","","human-review-v1","","",""
"human-golden-queue-v1","30e9d84fc23034ccb0eabac97f9e8f05b18f4218585e308b703346c2cd768ceb","ASSOCIATING","ed8e20ea5f928d40","11","","","human-review-v1","","",""
"human-golden-queue-v1","30e9d84fc23034ccb0eabac97f9e8f05b18f4218585e308b703346c2cd768ceb","ASSUAGES","32a97073a43bb166","8","","","human-review-v1","","",""
"human-golden-queue-v1","30e9d84fc23034ccb0eabac97f9e8f05b18f4218585e308b703346c2cd768ceb","ASSURING","3ca8257e087b05e4","8","","","human-review-v1","","",""
"human-golden-queue-v1","30e9d84fc23034ccb0eabac97f9e8f05b18f4218585e308b703346c2cd768ceb","ATHEIST","a7b02e77af91c27d","7","","","human-review-v1","","",""
"human-golden-queue-v1","30e9d84fc23034ccb0eabac97f9e8f05b18f4218585e308b703346c2cd768ceb","ATHLETIC","6895e165ef75286f","8","","","human-review-v1","","",""
"human-golden-queue-v1","30e9d84fc23034ccb0eabac97f9e8f05b18f4218585e308b703346c2cd768ceb","ATM","437fbac7ec69d4ff","3","","","human-review-v1","","",""
"human-golden-queue-v1","30e9d84fc23034ccb0eabac97f9e8f05b18f4218585e308b703346c2cd768ceb","ATP","45945ac958999fc8","3","","","human-review-v1","","",""
"human-golden-queue-v1","30e9d84fc23034ccb0eabac97f9e8f05b18f4218585e308b703346c2cd768ceb","ATRIAL","d0ccb164333130cc","6","","","human-review-v1","","",""
"human-golden-queue-v1","30e9d84fc23034ccb0eabac97f9e8f05b18f4218585e308b703346c2cd768ceb","ATROPHY","bc10c255ca49a2b2","7","","","human-review-v1","","",""
"human-golden-queue-v1","30e9d84fc23034ccb0eabac97f9e8f05b18f4218585e308b703346c2cd768ceb","ATTESTATION","8f69564219f46896","11","","","human-review-v1","","",""
"human-golden-queue-v1","30e9d84fc23034ccb0eabac97f9e8f05b18f4218585e308b703346c2cd768ceb","ATTRACTIVE","7d0ba6a6636ee196","10","","","human-review-v1","","",""
"human-golden-queue-v1","30e9d84fc23034ccb0eabac97f9e8f05b18f4218585e308b703346c2cd768ceb","AUG","d1ca38fe0daa008a","3","","","human-review-v1","","",""
"human-golden-queue-v1","30e9d84fc23034ccb0eabac97f9e8f05b18f4218585e308b703346c2cd768ceb","AUGHT","04c633e324afad96","5","","","human-review-v1","","",""
"human-golden-queue-v1","30e9d84fc23034ccb0eabac97f9e8f05b18f4218585e308b703346c2cd768ceb","AUK","28aeeada3522a380","3","","","human-review-v1","","",""
"human-golden-queue-v1","30e9d84fc23034ccb0eabac97f9e8f05b18f4218585e308b703346c2cd768ceb","AUSTEREST","4e538a7f48247882","9","","","human-review-v1","","",""
"human-golden-queue-v1","30e9d84fc23034ccb0eabac97f9e8f05b18f4218585e308b703346c2cd768ceb","AUTHORITATIVELY","150bbab16e43314c","15","","","human-review-v1","","",""
"human-golden-queue-v1","30e9d84fc23034ccb0eabac97f9e8f05b18f4218585e308b703346c2cd768ceb","AUTOCRACIES","7eddb42543abeb1b","11","","","human-review-v1","","",""
"human-golden-queue-v1","30e9d84fc23034ccb0eabac97f9e8f05b18f4218585e308b703346c2cd768ceb","AUTOMATIZE","57c55c5ca285b132","10","","","human-review-v1","","",""
"human-golden-queue-v1","30e9d84fc23034ccb0eabac97f9e8f05b18f4218585e308b703346c2cd768ceb","AVATAR","31ad86b9cfb7c06c","6","","","human-review-v1","","",""
"human-golden-queue-v1","30e9d84fc23034ccb0eabac97f9e8f05b18f4218585e308b703346c2cd768ceb","AVERAGING","fa2e25d98dc50a49","9","","","human-review-v1","","",""
"human-golden-queue-v1","30e9d84fc23034ccb0eabac97f9e8f05b18f4218585e308b703346c2cd768ceb","AWFULLEST","91a1a7c222aa9195","9","","","human-review-v1","","",""
"human-golden-queue-v1","30e9d84fc23034ccb0eabac97f9e8f05b18f4218585e308b703346c2cd768ceb","AWL","0603188b3fe9dd68","3","","","human-review-v1","","",""
"human-golden-queue-v1","30e9d84fc23034ccb0eabac97f9e8f05b18f4218585e308b703346c2cd768ceb","AZT","8435ffb93b396e91","3","","","human-review-v1","","",""
"human-golden-queue-v1","30e9d84fc23034ccb0eabac97f9e8f05b18f4218585e308b703346c2cd768ceb","BAA","aaf887aae0acf965","3","","","human-review-v1","","",""
"human-golden-queue-v1","30e9d84fc23034ccb0eabac97f9e8f05b18f4218585e308b703346c2cd768ceb","BABA","017eb6ac89dcd3a6","4","","","human-review-v1","","",""
"human-golden-queue-v1","30e9d84fc23034ccb0eabac97f9e8f05b18f4218585e308b703346c2cd768ceb","BACCHANALIA","aeef06d8572b6c48","11","","","human-review-v1","","",""
"human-golden-queue-v1","30e9d84fc23034ccb0eabac97f9e8f05b18f4218585e308b703346c2cd768ceb","BACKBITERS","db16931272816e0c","10","","","human-review-v1","","",""
"human-golden-queue-v1","30e9d84fc23034ccb0eabac97f9e8f05b18f4218585e308b703346c2cd768ceb","BACKLOGGED","eb4a16b034f1851a","10","","","human-review-v1","","",""
"human-golden-queue-v1","30e9d84fc23034ccb0eabac97f9e8f05b18f4218585e308b703346c2cd768ceb","BADNESS","6af38b2f3d729a52","7","","","human-review-v1","","",""
"human-golden-queue-v1","30e9d84fc23034ccb0eabac97f9e8f05b18f4218585e308b703346c2cd768ceb","BAH","cd5bb066b54fc33f","3","","","human-review-v1","","",""
"human-golden-queue-v1","30e9d84fc23034ccb0eabac97f9e8f05b18f4218585e308b703346c2cd768ceb","BAIRN","2eb2905731e0bcb8","5","","","human-review-v1","","",""
"human-golden-queue-v1","30e9d84fc23034ccb0eabac97f9e8f05b18f4218585e308b703346c2cd768ceb","BALDIES","ea89d7465d0207b5","7","","","human-review-v1","","",""
"human-golden-queue-v1","30e9d84fc23034ccb0eabac97f9e8f05b18f4218585e308b703346c2cd768ceb","BALONEY","45a418d6137af291","7","","","human-review-v1","","",""
"human-golden-queue-v1","30e9d84fc23034ccb0eabac97f9e8f05b18f4218585e308b703346c2cd768ceb","BALZAC","4b8f98c6385294f5","6","","","human-review-v1","","",""
"human-golden-queue-v1","30e9d84fc23034ccb0eabac97f9e8f05b18f4218585e308b703346c2cd768ceb","BANISHMENT","d16e95bed4c95e4f","10","","","human-review-v1","","",""
"human-golden-queue-v1","30e9d84fc23034ccb0eabac97f9e8f05b18f4218585e308b703346c2cd768ceb","BANJO","3edd94d8f04e40ab","5","","","human-review-v1","","",""
"human-golden-queue-v1","30e9d84fc23034ccb0eabac97f9e8f05b18f4218585e308b703346c2cd768ceb","BANTAM","eb60e656fb3deec6","6","","","human-review-v1","","",""
"human-golden-queue-v1","30e9d84fc23034ccb0eabac97f9e8f05b18f4218585e308b703346c2cd768ceb","BAR","9a8b7d1157b8b1ad","3","","","human-review-v1","","",""
"human-golden-queue-v1","30e9d84fc23034ccb0eabac97f9e8f05b18f4218585e308b703346c2cd768ceb","BARB","101bae691f60ae31","4","","","human-review-v1","","",""
"human-golden-queue-v1","30e9d84fc23034ccb0eabac97f9e8f05b18f4218585e308b703346c2cd768ceb","BARLEY","db93ca347694ba19","6","","","human-review-v1","","",""
"human-golden-queue-v1","30e9d84fc23034ccb0eabac97f9e8f05b18f4218585e308b703346c2cd768ceb","BARMY","b08970bd2c95a41b","5","","","human-review-v1","","",""
"human-golden-queue-v1","30e9d84fc23034ccb0eabac97f9e8f05b18f4218585e308b703346c2cd768ceb","BARRED","ea5a22ea6a0505c1","6","","","human-review-v1","","",""
"human-golden-queue-v1","30e9d84fc23034ccb0eabac97f9e8f05b18f4218585e308b703346c2cd768ceb","BAS","821795ee4615384f","3","","","human-review-v1","","",""
"human-golden-queue-v1","30e9d84fc23034ccb0eabac97f9e8f05b18f4218585e308b703346c2cd768ceb","BASSES","b6ea55d2aab6b886","6","","","human-review-v1","","",""
"human-golden-queue-v1","30e9d84fc23034ccb0eabac97f9e8f05b18f4218585e308b703346c2cd768ceb","BATHING","cd98310bfe7cf7f3","7","","","human-review-v1","","",""
"human-golden-queue-v1","30e9d84fc23034ccb0eabac97f9e8f05b18f4218585e308b703346c2cd768ceb","BATMAN","9093711d6072b86e","6","","","human-review-v1","","",""
"human-golden-queue-v1","30e9d84fc23034ccb0eabac97f9e8f05b18f4218585e308b703346c2cd768ceb","BAUXITE","89138dbdf3504a1b","7","","","human-review-v1","","",""
"human-golden-queue-v1","30e9d84fc23034ccb0eabac97f9e8f05b18f4218585e308b703346c2cd768ceb","BAWDINESS","db2a7012d1d71cfe","9","","","human-review-v1","","",""
"human-golden-queue-v1","30e9d84fc23034ccb0eabac97f9e8f05b18f4218585e308b703346c2cd768ceb","BEARISH","9adb8eba4afd4e5e","7","","","human-review-v1","","",""
"human-golden-queue-v1","30e9d84fc23034ccb0eabac97f9e8f05b18f4218585e308b703346c2cd768ceb","BEECHNUTS","bb4709bc82c68bf3","9","","","human-review-v1","","",""
"human-golden-queue-v1","30e9d84fc23034ccb0eabac97f9e8f05b18f4218585e308b703346c2cd768ceb","BEES","384d1a57298642e2","4","","","human-review-v1","","",""
"human-golden-queue-v1","30e9d84fc23034ccb0eabac97f9e8f05b18f4218585e308b703346c2cd768ceb","BELCH","c63af2a9c217664a","5","","","human-review-v1","","",""
"human-golden-queue-v1","30e9d84fc23034ccb0eabac97f9e8f05b18f4218585e308b703346c2cd768ceb","BELLY","fd9c02ef7791d9d4","5","","","human-review-v1","","",""
"human-golden-queue-v1","30e9d84fc23034ccb0eabac97f9e8f05b18f4218585e308b703346c2cd768ceb","BELTWAY","84ec6186547805c2","7","","","human-review-v1","","",""
"human-golden-queue-v1","30e9d84fc23034ccb0eabac97f9e8f05b18f4218585e308b703346c2cd768ceb","BEMUSED","54f1cd4489a8df37","7","","","human-review-v1","","",""
"human-golden-queue-v1","30e9d84fc23034ccb0eabac97f9e8f05b18f4218585e308b703346c2cd768ceb","BENCHMARKS","14e1e96ed0568285","10","","","human-review-v1","","",""
"human-golden-queue-v1","30e9d84fc23034ccb0eabac97f9e8f05b18f4218585e308b703346c2cd768ceb","BENUMBING","5bfc44552637a21d","9","","","human-review-v1","","",""
"human-golden-queue-v1","30e9d84fc23034ccb0eabac97f9e8f05b18f4218585e308b703346c2cd768ceb","BEQUESTS","e22a0520db19901d","8","","","human-review-v1","","",""
"human-golden-queue-v1","30e9d84fc23034ccb0eabac97f9e8f05b18f4218585e308b703346c2cd768ceb","BESET","19d5055c68ac6b42","5","","","human-review-v1","","",""
"human-golden-queue-v1","30e9d84fc23034ccb0eabac97f9e8f05b18f4218585e308b703346c2cd768ceb","BET","682e3911ac8e15e7","3","","","human-review-v1","","",""
"human-golden-queue-v1","30e9d84fc23034ccb0eabac97f9e8f05b18f4218585e308b703346c2cd768ceb","BEY","2372574e069524d1","3","","","human-review-v1","","",""
"human-golden-queue-v1","30e9d84fc23034ccb0eabac97f9e8f05b18f4218585e308b703346c2cd768ceb","BEZEL","8b5546ecbacbd156","5","","","human-review-v1","","",""
"human-golden-queue-v1","30e9d84fc23034ccb0eabac97f9e8f05b18f4218585e308b703346c2cd768ceb","BID","aa9dbf7ded0241c2","3","","","human-review-v1","","",""
"human-golden-queue-v1","30e9d84fc23034ccb0eabac97f9e8f05b18f4218585e308b703346c2cd768ceb","BIFURCATE","a65485a74aeddf86","9","","","human-review-v1","","",""
"human-golden-queue-v1","30e9d84fc23034ccb0eabac97f9e8f05b18f4218585e308b703346c2cd768ceb","BIGHORN","6a27a256a47d922f","7","","","human-review-v1","","",""
"human-golden-queue-v1","30e9d84fc23034ccb0eabac97f9e8f05b18f4218585e308b703346c2cd768ceb","BIN","10b8cd42ee088b08","3","","","human-review-v1","","",""
"human-golden-queue-v1","30e9d84fc23034ccb0eabac97f9e8f05b18f4218585e308b703346c2cd768ceb","BINOCULARS","871f6a7f0497c164","10","","","human-review-v1","","",""
"human-golden-queue-v1","30e9d84fc23034ccb0eabac97f9e8f05b18f4218585e308b703346c2cd768ceb","BIS","db5e477ef7e8ca86","3","","","human-review-v1","","",""
"human-golden-queue-v1","30e9d84fc23034ccb0eabac97f9e8f05b18f4218585e308b703346c2cd768ceb","BIT","57f853763227fc14","3","","","human-review-v1","","",""
"human-golden-queue-v1","30e9d84fc23034ccb0eabac97f9e8f05b18f4218585e308b703346c2cd768ceb","BIZARRE","09028ea9cbdc8622","7","","","human-review-v1","","",""
"human-golden-queue-v1","30e9d84fc23034ccb0eabac97f9e8f05b18f4218585e308b703346c2cd768ceb","BLANCH","d344fad80b967745","6","","","human-review-v1","","",""
"human-golden-queue-v1","30e9d84fc23034ccb0eabac97f9e8f05b18f4218585e308b703346c2cd768ceb","BLASPHEMIES","1438ffcdf4d6f05b","11","","","human-review-v1","","",""
"human-golden-queue-v1","30e9d84fc23034ccb0eabac97f9e8f05b18f4218585e308b703346c2cd768ceb","BLEARILY","11c352b1b695b8cf","8","","","human-review-v1","","",""
"human-golden-queue-v1","30e9d84fc23034ccb0eabac97f9e8f05b18f4218585e308b703346c2cd768ceb","BLEATED","10d3190c63069902","7","","","human-review-v1","","",""
"human-golden-queue-v1","30e9d84fc23034ccb0eabac97f9e8f05b18f4218585e308b703346c2cd768ceb","BLEEDER","67c849fb38c08617","7","","","human-review-v1","","",""
"human-golden-queue-v1","30e9d84fc23034ccb0eabac97f9e8f05b18f4218585e308b703346c2cd768ceb","BLIGHTER","e9f48d5b4c3163a0","8","","","human-review-v1","","",""
"human-golden-queue-v1","30e9d84fc23034ccb0eabac97f9e8f05b18f4218585e308b703346c2cd768ceb","BLINKERED","43fa2112acbc9658","9","","","human-review-v1","","",""
"human-golden-queue-v1","30e9d84fc23034ccb0eabac97f9e8f05b18f4218585e308b703346c2cd768ceb","BLINKS","c618b350e54bc045","6","","","human-review-v1","","",""
"human-golden-queue-v1","30e9d84fc23034ccb0eabac97f9e8f05b18f4218585e308b703346c2cd768ceb","BLOCKADED","4ca2aaacb42c20c8","9","","","human-review-v1","","",""
"human-golden-queue-v1","30e9d84fc23034ccb0eabac97f9e8f05b18f4218585e308b703346c2cd768ceb","BLOCKADER","0af72bb56dc9d6bb","9","","","human-review-v1","","",""
"human-golden-queue-v1","30e9d84fc23034ccb0eabac97f9e8f05b18f4218585e308b703346c2cd768ceb","BLOCKBUSTING","02705807b5e75a45","12","","","human-review-v1","","",""
"human-golden-queue-v1","30e9d84fc23034ccb0eabac97f9e8f05b18f4218585e308b703346c2cd768ceb","BLOCKHEADS","cfd5c191c374e468","10","","","human-review-v1","","",""
"human-golden-queue-v1","30e9d84fc23034ccb0eabac97f9e8f05b18f4218585e308b703346c2cd768ceb","BLOODHOUND","48d0eff3bc3cf0c2","10","","","human-review-v1","","",""
"human-golden-queue-v1","30e9d84fc23034ccb0eabac97f9e8f05b18f4218585e308b703346c2cd768ceb","BLOODLESS","6469f007c612bf33","9","","","human-review-v1","","",""
"human-golden-queue-v1","30e9d84fc23034ccb0eabac97f9e8f05b18f4218585e308b703346c2cd768ceb","BLOODSTAINED","289e8fbddf6d8772","12","","","human-review-v1","","",""
"human-golden-queue-v1","30e9d84fc23034ccb0eabac97f9e8f05b18f4218585e308b703346c2cd768ceb","BLT","a2730ef1bb6dc550","3","","","human-review-v1","","",""
"human-golden-queue-v1","30e9d84fc23034ccb0eabac97f9e8f05b18f4218585e308b703346c2cd768ceb","BLUBBERY","468a6427a5f321be","8","","","human-review-v1","","",""
"human-golden-queue-v1","30e9d84fc23034ccb0eabac97f9e8f05b18f4218585e308b703346c2cd768ceb","BOB","c4201980847dc57e","3","","","human-review-v1","","",""
"human-golden-queue-v1","30e9d84fc23034ccb0eabac97f9e8f05b18f4218585e308b703346c2cd768ceb","BODGE","1e844ea86e5b5a15","5","","","human-review-v1","","",""
"human-golden-queue-v1","30e9d84fc23034ccb0eabac97f9e8f05b18f4218585e308b703346c2cd768ceb","BOHEMIA","dd72e819b927f165","7","","","human-review-v1","","",""
"human-golden-queue-v1","30e9d84fc23034ccb0eabac97f9e8f05b18f4218585e308b703346c2cd768ceb","BOLSHEVIK","8d1d0819980e8358","9","","","human-review-v1","","",""
"human-golden-queue-v1","30e9d84fc23034ccb0eabac97f9e8f05b18f4218585e308b703346c2cd768ceb","BOO","e0b83af230797ccf","3","","","human-review-v1","","",""
"human-golden-queue-v1","30e9d84fc23034ccb0eabac97f9e8f05b18f4218585e308b703346c2cd768ceb","BOOBS","f686f8e9358b3be7","5","","","human-review-v1","","",""
"human-golden-queue-v1","30e9d84fc23034ccb0eabac97f9e8f05b18f4218585e308b703346c2cd768ceb","BOOHOOS","444fa50436502998","7","","","human-review-v1","","",""
"human-golden-queue-v1","30e9d84fc23034ccb0eabac97f9e8f05b18f4218585e308b703346c2cd768ceb","BOOKCASES","ed8668951c21d95b","9","","","human-review-v1","","",""
"human-golden-queue-v1","30e9d84fc23034ccb0eabac97f9e8f05b18f4218585e308b703346c2cd768ceb","BOOKMARKING","f4eac4b986acd5aa","11","","","human-review-v1","","",""
"human-golden-queue-v1","30e9d84fc23034ccb0eabac97f9e8f05b18f4218585e308b703346c2cd768ceb","BOOKWORMS","3dc61000c3598634","9","","","human-review-v1","","",""
"human-golden-queue-v1","30e9d84fc23034ccb0eabac97f9e8f05b18f4218585e308b703346c2cd768ceb","BOORISHLY","21651b90c724218a","9","","","human-review-v1","","",""
"human-golden-queue-v1","30e9d84fc23034ccb0eabac97f9e8f05b18f4218585e308b703346c2cd768ceb","BOT","32542c573f22168b","3","","","human-review-v1","","",""
"human-golden-queue-v1","30e9d84fc23034ccb0eabac97f9e8f05b18f4218585e308b703346c2cd768ceb","BOTHER","0b970769371a3e90","6","","","human-review-v1","","",""
"human-golden-queue-v1","30e9d84fc23034ccb0eabac97f9e8f05b18f4218585e308b703346c2cd768ceb","BOX","6ceb52a0cd6004cc","3","","","human-review-v1","","",""
"human-golden-queue-v1","30e9d84fc23034ccb0eabac97f9e8f05b18f4218585e308b703346c2cd768ceb","BOXROOM","833b554642e779cf","7","","","human-review-v1","","",""
"human-golden-queue-v1","30e9d84fc23034ccb0eabac97f9e8f05b18f4218585e308b703346c2cd768ceb","BOY","10a75ffdcfb39428","3","","","human-review-v1","","",""
"human-golden-queue-v1","30e9d84fc23034ccb0eabac97f9e8f05b18f4218585e308b703346c2cd768ceb","BRA","20f5ad72d3b1b900","3","","","human-review-v1","","",""
"human-golden-queue-v1","30e9d84fc23034ccb0eabac97f9e8f05b18f4218585e308b703346c2cd768ceb","BRAININESS","362bc9f016716199","10","","","human-review-v1","","",""
"human-golden-queue-v1","30e9d84fc23034ccb0eabac97f9e8f05b18f4218585e308b703346c2cd768ceb","BRASHLY","d813f8eb82c504df","7","","","human-review-v1","","",""
"human-golden-queue-v1","30e9d84fc23034ccb0eabac97f9e8f05b18f4218585e308b703346c2cd768ceb","BRAWNINESS","9e1ddd6f989d019b","10","","","human-review-v1","","",""
"human-golden-queue-v1","30e9d84fc23034ccb0eabac97f9e8f05b18f4218585e308b703346c2cd768ceb","BREAK","0674ba5946234db9","5","","","human-review-v1","","",""
"human-golden-queue-v1","30e9d84fc23034ccb0eabac97f9e8f05b18f4218585e308b703346c2cd768ceb","BREATHE","dfb27e2b73bee31b","7","","","human-review-v1","","",""
"human-golden-queue-v1","30e9d84fc23034ccb0eabac97f9e8f05b18f4218585e308b703346c2cd768ceb","BREEDS","b642db8f76a48c40","6","","","human-review-v1","","",""
"human-golden-queue-v1","30e9d84fc23034ccb0eabac97f9e8f05b18f4218585e308b703346c2cd768ceb","BREEZE","5cafd533472de6b4","6","","","human-review-v1","","",""
"human-golden-queue-v1","30e9d84fc23034ccb0eabac97f9e8f05b18f4218585e308b703346c2cd768ceb","BREVIARIES","74b670c66406834f","10","","","human-review-v1","","",""
"human-golden-queue-v1","30e9d84fc23034ccb0eabac97f9e8f05b18f4218585e308b703346c2cd768ceb","BRIDLEWAYS","ce7c0b4cf9fd74d1","10","","","human-review-v1","","",""
"human-golden-queue-v1","30e9d84fc23034ccb0eabac97f9e8f05b18f4218585e308b703346c2cd768ceb","BRIGANDS","1f2ff0238e7b5d8e","8","","","human-review-v1","","",""
"human-golden-queue-v1","30e9d84fc23034ccb0eabac97f9e8f05b18f4218585e308b703346c2cd768ceb","BRINGERS","0e6bc4061c2be8cc","8","","","human-review-v1","","",""
"human-golden-queue-v1","30e9d84fc23034ccb0eabac97f9e8f05b18f4218585e308b703346c2cd768ceb","BRISTLIEST","5310d517f3e6fcb7","10","","","human-review-v1","","",""
"human-golden-queue-v1","30e9d84fc23034ccb0eabac97f9e8f05b18f4218585e308b703346c2cd768ceb","BROADLOOM","cc4419f242feb566","9","","","human-review-v1","","",""
"human-golden-queue-v1","30e9d84fc23034ccb0eabac97f9e8f05b18f4218585e308b703346c2cd768ceb","BROKE","26a9f4d7c342ad6f","5","","","human-review-v1","","",""
"human-golden-queue-v1","30e9d84fc23034ccb0eabac97f9e8f05b18f4218585e308b703346c2cd768ceb","BRONCOS","0c6d20b5f5b6c627","7","","","human-review-v1","","",""
"human-golden-queue-v1","30e9d84fc23034ccb0eabac97f9e8f05b18f4218585e308b703346c2cd768ceb","BRR","ee7b383b0c5756fa","3","","","human-review-v1","","",""
"human-golden-queue-v1","30e9d84fc23034ccb0eabac97f9e8f05b18f4218585e308b703346c2cd768ceb","BRUTES","3d3686eada21a0e4","6","","","human-review-v1","","",""
"human-golden-queue-v1","30e9d84fc23034ccb0eabac97f9e8f05b18f4218585e308b703346c2cd768ceb","BUBBLED","bbcdbbb4a5fcb6a3","7","","","human-review-v1","","",""
"human-golden-queue-v1","30e9d84fc23034ccb0eabac97f9e8f05b18f4218585e308b703346c2cd768ceb","BUDDINGS","a34f0255b44c1c32","8","","","human-review-v1","","",""
"human-golden-queue-v1","30e9d84fc23034ccb0eabac97f9e8f05b18f4218585e308b703346c2cd768ceb","BUFFET","75f179ee1549abce","6","","","human-review-v1","","",""
"human-golden-queue-v1","30e9d84fc23034ccb0eabac97f9e8f05b18f4218585e308b703346c2cd768ceb","BUG","6121ea23812a1264","3","","","human-review-v1","","",""
"human-golden-queue-v1","30e9d84fc23034ccb0eabac97f9e8f05b18f4218585e308b703346c2cd768ceb","BULKY","fdf70ea6faab3f4a","5","","","human-review-v1","","",""
"human-golden-queue-v1","30e9d84fc23034ccb0eabac97f9e8f05b18f4218585e308b703346c2cd768ceb","BUMBLED","38942bd4b4fd8ffa","7","","","human-review-v1","","",""
"human-golden-queue-v1","30e9d84fc23034ccb0eabac97f9e8f05b18f4218585e308b703346c2cd768ceb","BUMBLER","f7b1d70d6ff59bfc","7","","","human-review-v1","","",""
"human-golden-queue-v1","30e9d84fc23034ccb0eabac97f9e8f05b18f4218585e308b703346c2cd768ceb","BUNCHIER","4b4016cc7b064fbd","8","","","human-review-v1","","",""
"human-golden-queue-v1","30e9d84fc23034ccb0eabac97f9e8f05b18f4218585e308b703346c2cd768ceb","BUNGLED","9d28b51c1f3377b8","7","","","human-review-v1","","",""
"human-golden-queue-v1","30e9d84fc23034ccb0eabac97f9e8f05b18f4218585e308b703346c2cd768ceb","BUR","8fb7e93cb6c271d4","3","","","human-review-v1","","",""
"human-golden-queue-v1","30e9d84fc23034ccb0eabac97f9e8f05b18f4218585e308b703346c2cd768ceb","BUREAUCRACIES","ac2577228ab866af","13","","","human-review-v1","","",""
"human-golden-queue-v1","30e9d84fc23034ccb0eabac97f9e8f05b18f4218585e308b703346c2cd768ceb","BUSGIRL","b484e55f17911d16","7","","","human-review-v1","","",""
"human-golden-queue-v1","30e9d84fc23034ccb0eabac97f9e8f05b18f4218585e308b703346c2cd768ceb","BUSHWHACKER","fa0b9aa3259963ed","11","","","human-review-v1","","",""
"human-golden-queue-v1","30e9d84fc23034ccb0eabac97f9e8f05b18f4218585e308b703346c2cd768ceb","BUTLER","11b369c06fc99d7b","6","","","human-review-v1","","",""
"human-golden-queue-v1","30e9d84fc23034ccb0eabac97f9e8f05b18f4218585e308b703346c2cd768ceb","BUTTONHOLES","0ac6e290e3047880","11","","","human-review-v1","","",""
"human-golden-queue-v1","30e9d84fc23034ccb0eabac97f9e8f05b18f4218585e308b703346c2cd768ceb","BYE","83d175af65fe41da","3","","","human-review-v1","","",""
"human-golden-queue-v1","30e9d84fc23034ccb0eabac97f9e8f05b18f4218585e308b703346c2cd768ceb","CAB","c356ff2a06c51653","3","","","human-review-v1","","",""
"human-golden-queue-v1","30e9d84fc23034ccb0eabac97f9e8f05b18f4218585e308b703346c2cd768ceb","CABINS","a40bb1d53c84a8aa","6","","","human-review-v1","","",""
"human-golden-queue-v1","30e9d84fc23034ccb0eabac97f9e8f05b18f4218585e308b703346c2cd768ceb","CABLECASTING","3b542de349376bd0","12","","","human-review-v1","","",""
"human-golden-queue-v1","30e9d84fc23034ccb0eabac97f9e8f05b18f4218585e308b703346c2cd768ceb","CABLEGRAM","c7857c55230f4156","9","","","human-review-v1","","",""
"human-golden-queue-v1","30e9d84fc23034ccb0eabac97f9e8f05b18f4218585e308b703346c2cd768ceb","CACHED","5405e54f50a8b5d7","6","","","human-review-v1","","",""
"human-golden-queue-v1","30e9d84fc23034ccb0eabac97f9e8f05b18f4218585e308b703346c2cd768ceb","CAGINESS","94a9db4feac23982","8","","","human-review-v1","","",""
"human-golden-queue-v1","30e9d84fc23034ccb0eabac97f9e8f05b18f4218585e308b703346c2cd768ceb","CALLERS","e97d17e5035a399a","7","","","human-review-v1","","",""
"human-golden-queue-v1","30e9d84fc23034ccb0eabac97f9e8f05b18f4218585e308b703346c2cd768ceb","CALLOSITIES","b6c47512c8241553","11","","","human-review-v1","","",""
"human-golden-queue-v1","30e9d84fc23034ccb0eabac97f9e8f05b18f4218585e308b703346c2cd768ceb","CALLOSITY","82c1d5efc7577e97","9","","","human-review-v1","","",""
"human-golden-queue-v1","30e9d84fc23034ccb0eabac97f9e8f05b18f4218585e308b703346c2cd768ceb","CALLOUSNESS","73513042d3471ec6","11","","","human-review-v1","","",""
"human-golden-queue-v1","30e9d84fc23034ccb0eabac97f9e8f05b18f4218585e308b703346c2cd768ceb","CALLUSED","c8be354c6c5c07ee","8","","","human-review-v1","","",""
"human-golden-queue-v1","30e9d84fc23034ccb0eabac97f9e8f05b18f4218585e308b703346c2cd768ceb","CAMERAPERSONS","af9c4fa8d86e69d4","13","","","human-review-v1","","",""
"human-golden-queue-v1","30e9d84fc23034ccb0eabac97f9e8f05b18f4218585e308b703346c2cd768ceb","CAMPAIGNERS","ffce7c4ea076801b","11","","","human-review-v1","","",""
"human-golden-queue-v1","30e9d84fc23034ccb0eabac97f9e8f05b18f4218585e308b703346c2cd768ceb","CAN","054dc06dd4c1fe87","3","","","human-review-v1","","",""
"human-golden-queue-v1","30e9d84fc23034ccb0eabac97f9e8f05b18f4218585e308b703346c2cd768ceb","CANAD","e53c31273c28fb98","5","","","human-review-v1","","",""
"human-golden-queue-v1","30e9d84fc23034ccb0eabac97f9e8f05b18f4218585e308b703346c2cd768ceb","CANNIEST","de150b4d9cb72150","8","","","human-review-v1","","",""
"human-golden-queue-v1","30e9d84fc23034ccb0eabac97f9e8f05b18f4218585e308b703346c2cd768ceb","CANVASSING","0bab137e86e70348","10","","","human-review-v1","","",""
"human-golden-queue-v1","30e9d84fc23034ccb0eabac97f9e8f05b18f4218585e308b703346c2cd768ceb","CAPT","6073563d72075c78","4","","","human-review-v1","","",""
"human-golden-queue-v1","30e9d84fc23034ccb0eabac97f9e8f05b18f4218585e308b703346c2cd768ceb","CARBONATE","9a16238b5f17ebfb","9","","","human-review-v1","","",""
"human-golden-queue-v1","30e9d84fc23034ccb0eabac97f9e8f05b18f4218585e308b703346c2cd768ceb","CARBS","cc412ccb0630d9ee","5","","","human-review-v1","","",""
"human-golden-queue-v1","30e9d84fc23034ccb0eabac97f9e8f05b18f4218585e308b703346c2cd768ceb","CARDER","4e8ba4003722a202","6","","","human-review-v1","","",""
"human-golden-queue-v1","30e9d84fc23034ccb0eabac97f9e8f05b18f4218585e308b703346c2cd768ceb","CARETAKING","03f4144a41c1d9e3","10","","","human-review-v1","","",""
"human-golden-queue-v1","30e9d84fc23034ccb0eabac97f9e8f05b18f4218585e308b703346c2cd768ceb","CARNY","e15b9f282fb0137b","5","","","human-review-v1","","",""
"human-golden-queue-v1","30e9d84fc23034ccb0eabac97f9e8f05b18f4218585e308b703346c2cd768ceb","CAROLING","f63f5b93c3d665f5","8","","","human-review-v1","","",""
"human-golden-queue-v1","30e9d84fc23034ccb0eabac97f9e8f05b18f4218585e308b703346c2cd768ceb","CARRIES","2761759438ec2876","7","","","human-review-v1","","",""
"human-golden-queue-v1","30e9d84fc23034ccb0eabac97f9e8f05b18f4218585e308b703346c2cd768ceb","CARRYOUT","a8257c3ece696efa","8","","","human-review-v1","","",""
"human-golden-queue-v1","30e9d84fc23034ccb0eabac97f9e8f05b18f4218585e308b703346c2cd768ceb","CARTOONISH","c7518e52ffbc2912","10","","","human-review-v1","","",""
"human-golden-queue-v1","30e9d84fc23034ccb0eabac97f9e8f05b18f4218585e308b703346c2cd768ceb","CAT","54a2956f388c39f2","3","","","human-review-v1","","",""
"human-golden-queue-v1","30e9d84fc23034ccb0eabac97f9e8f05b18f4218585e308b703346c2cd768ceb","CATALYST","3a0af215944826df","8","","","human-review-v1","","",""
"human-golden-queue-v1","30e9d84fc23034ccb0eabac97f9e8f05b18f4218585e308b703346c2cd768ceb","CATARACT","d5bc6a81baa7343f","8","","","human-review-v1","","",""
"human-golden-queue-v1","30e9d84fc23034ccb0eabac97f9e8f05b18f4218585e308b703346c2cd768ceb","CATHARSIS","d8464a50b08f511f","9","","","human-review-v1","","",""
"human-golden-queue-v1","30e9d84fc23034ccb0eabac97f9e8f05b18f4218585e308b703346c2cd768ceb","CAVITIES","5981beda352f350d","8","","","human-review-v1","","",""
"human-golden-queue-v1","30e9d84fc23034ccb0eabac97f9e8f05b18f4218585e308b703346c2cd768ceb","CAVITY","df61e7f2a4cbed02","6","","","human-review-v1","","",""
"human-golden-queue-v1","30e9d84fc23034ccb0eabac97f9e8f05b18f4218585e308b703346c2cd768ceb","CAVORTING","fdad1ad4f9f157d0","9","","","human-review-v1","","",""
"human-golden-queue-v1","30e9d84fc23034ccb0eabac97f9e8f05b18f4218585e308b703346c2cd768ceb","CDS","fd447177bb1c363f","3","","","human-review-v1","","",""
"human-golden-queue-v1","30e9d84fc23034ccb0eabac97f9e8f05b18f4218585e308b703346c2cd768ceb","CEASELESSNESS","0e18bfaae32d680a","13","","","human-review-v1","","",""
"human-golden-queue-v1","30e9d84fc23034ccb0eabac97f9e8f05b18f4218585e308b703346c2cd768ceb","CECA","b80e54cd4beea724","4","","","human-review-v1","","",""
"human-golden-queue-v1","30e9d84fc23034ccb0eabac97f9e8f05b18f4218585e308b703346c2cd768ceb","CELEB","e7ac09897bb4859f","5","","","human-review-v1","","",""
"human-golden-queue-v1","30e9d84fc23034ccb0eabac97f9e8f05b18f4218585e308b703346c2cd768ceb","CELIBATES","a5efacc09dc653b5","9","","","human-review-v1","","",""
"human-golden-queue-v1","30e9d84fc23034ccb0eabac97f9e8f05b18f4218585e308b703346c2cd768ceb","CELLINI","afc76b5710ad5984","7","","","human-review-v1","","",""
"human-golden-queue-v1","30e9d84fc23034ccb0eabac97f9e8f05b18f4218585e308b703346c2cd768ceb","CELTS","aa672b47c4ab266e","5","","","human-review-v1","","",""
"human-golden-queue-v1","30e9d84fc23034ccb0eabac97f9e8f05b18f4218585e308b703346c2cd768ceb","CEO","1a5b89ccf85cfb80","3","","","human-review-v1","","",""
"human-golden-queue-v1","30e9d84fc23034ccb0eabac97f9e8f05b18f4218585e308b703346c2cd768ceb","CHALKINESS","37ff6782392c1b6d","10","","","human-review-v1","","",""
"human-golden-queue-v1","30e9d84fc23034ccb0eabac97f9e8f05b18f4218585e308b703346c2cd768ceb","CHAMOIS","b69684c763108816","7","","","human-review-v1","","",""
"human-golden-queue-v1","30e9d84fc23034ccb0eabac97f9e8f05b18f4218585e308b703346c2cd768ceb","CHANCELLORS","dfb76cbdbde830aa","11","","","human-review-v1","","",""
"human-golden-queue-v1","30e9d84fc23034ccb0eabac97f9e8f05b18f4218585e308b703346c2cd768ceb","CHAPARRAL","8a3c6551dad112d1","9","","","human-review-v1","","",""
"human-golden-queue-v1","30e9d84fc23034ccb0eabac97f9e8f05b18f4218585e308b703346c2cd768ceb","CHAPPIES","350b539c78f792ea","8","","","human-review-v1","","",""
"human-golden-queue-v1","30e9d84fc23034ccb0eabac97f9e8f05b18f4218585e308b703346c2cd768ceb","CHARACTERISTIC","5f7e32cebc0e0dee","14","","","human-review-v1","","",""
"human-golden-queue-v1","30e9d84fc23034ccb0eabac97f9e8f05b18f4218585e308b703346c2cd768ceb","CHARIOTS","766dbe2319a81b17","8","","","human-review-v1","","",""
"human-golden-queue-v1","30e9d84fc23034ccb0eabac97f9e8f05b18f4218585e308b703346c2cd768ceb","CHATROOMS","f2b50a08d7551609","9","","","human-review-v1","","",""
"human-golden-queue-v1","30e9d84fc23034ccb0eabac97f9e8f05b18f4218585e308b703346c2cd768ceb","CHEMO","ef113341dcd0e231","5","","","human-review-v1","","",""
"human-golden-queue-v1","30e9d84fc23034ccb0eabac97f9e8f05b18f4218585e308b703346c2cd768ceb","CHERT","7678f3d0d0fe49a9","5","","","human-review-v1","","",""
"human-golden-queue-v1","30e9d84fc23034ccb0eabac97f9e8f05b18f4218585e308b703346c2cd768ceb","CHEZ","b54b2a57fce35da4","4","","","human-review-v1","","",""
"human-golden-queue-v1","30e9d84fc23034ccb0eabac97f9e8f05b18f4218585e308b703346c2cd768ceb","CHICKENHEARTED","37e7885c4263b97f","14","","","human-review-v1","","",""
"human-golden-queue-v1","30e9d84fc23034ccb0eabac97f9e8f05b18f4218585e308b703346c2cd768ceb","CHINLESS","521556b4aa579804","8","","","human-review-v1","","",""
"human-golden-queue-v1","30e9d84fc23034ccb0eabac97f9e8f05b18f4218585e308b703346c2cd768ceb","CHIPOTLES","f7ae296937aee06b","9","","","human-review-v1","","",""
"human-golden-queue-v1","30e9d84fc23034ccb0eabac97f9e8f05b18f4218585e308b703346c2cd768ceb","CHIROPRACTORS","756cc36d5a36826c","13","","","human-review-v1","","",""
"human-golden-queue-v1","30e9d84fc23034ccb0eabac97f9e8f05b18f4218585e308b703346c2cd768ceb","CHOCS","f9eb8fa339e07431","5","","","human-review-v1","","",""
"human-golden-queue-v1","30e9d84fc23034ccb0eabac97f9e8f05b18f4218585e308b703346c2cd768ceb","CHORDAL","7be732dc21bf46a2","7","","","human-review-v1","","",""
"human-golden-queue-v1","30e9d84fc23034ccb0eabac97f9e8f05b18f4218585e308b703346c2cd768ceb","CHROMES","7d09cc0e48d548fb","7","","","human-review-v1","","",""
"human-golden-queue-v1","30e9d84fc23034ccb0eabac97f9e8f05b18f4218585e308b703346c2cd768ceb","CHUFFED","263c6e2d9418d815","7","","","human-review-v1","","",""
"human-golden-queue-v1","30e9d84fc23034ccb0eabac97f9e8f05b18f4218585e308b703346c2cd768ceb","CHURNERS","1127d520c3696baf","8","","","human-review-v1","","",""
"human-golden-queue-v1","30e9d84fc23034ccb0eabac97f9e8f05b18f4218585e308b703346c2cd768ceb","CHUTES","f232436d6289d2b9","6","","","human-review-v1","","",""
"human-golden-queue-v1","30e9d84fc23034ccb0eabac97f9e8f05b18f4218585e308b703346c2cd768ceb","CINEMAS","34d342ff31b2d0bd","7","","","human-review-v1","","",""
"human-golden-queue-v1","30e9d84fc23034ccb0eabac97f9e8f05b18f4218585e308b703346c2cd768ceb","CINEMATOGRAPHY","869ca22cbb7d09c4","14","","","human-review-v1","","",""
"human-golden-queue-v1","30e9d84fc23034ccb0eabac97f9e8f05b18f4218585e308b703346c2cd768ceb","CIRCADIAN","552ac3c9c2786f31","9","","","human-review-v1","","",""
"human-golden-queue-v1","30e9d84fc23034ccb0eabac97f9e8f05b18f4218585e308b703346c2cd768ceb","CIRCE","60b14be8761c8b2c","5","","","human-review-v1","","",""
"human-golden-queue-v1","30e9d84fc23034ccb0eabac97f9e8f05b18f4218585e308b703346c2cd768ceb","CIRCUMFLEX","eecf44c0d90da04f","10","","","human-review-v1","","",""
"human-golden-queue-v1","30e9d84fc23034ccb0eabac97f9e8f05b18f4218585e308b703346c2cd768ceb","CIS","1066fba7d770d2f1","3","","","human-review-v1","","",""
"human-golden-queue-v1","30e9d84fc23034ccb0eabac97f9e8f05b18f4218585e308b703346c2cd768ceb","CITE","535b687d0d607bd9","4","","","human-review-v1","","",""
"human-golden-queue-v1","30e9d84fc23034ccb0eabac97f9e8f05b18f4218585e308b703346c2cd768ceb","CLAMPDOWN","b4979c2a50d01933","9","","","human-review-v1","","",""
"human-golden-queue-v1","30e9d84fc23034ccb0eabac97f9e8f05b18f4218585e308b703346c2cd768ceb","CLAVIER","c2fbf1a55b8108db","7","","","human-review-v1","","",""
"human-golden-queue-v1","30e9d84fc23034ccb0eabac97f9e8f05b18f4218585e308b703346c2cd768ceb","CLEARHEADED","3cc89fa951be0e66","11","","","human-review-v1","","",""
"human-golden-queue-v1","30e9d84fc23034ccb0eabac97f9e8f05b18f4218585e308b703346c2cd768ceb","CLINGIEST","0b97da1e1e247187","9","","","human-review-v1","","",""
"human-golden-queue-v1","30e9d84fc23034ccb0eabac97f9e8f05b18f4218585e308b703346c2cd768ceb","CLIQUISHNESS","0a816ce5267e320f","12","","","human-review-v1","","",""
"human-golden-queue-v1","30e9d84fc23034ccb0eabac97f9e8f05b18f4218585e308b703346c2cd768ceb","CLODDISH","a9e2b44740c5b733","8","","","human-review-v1","","",""
"human-golden-queue-v1","30e9d84fc23034ccb0eabac97f9e8f05b18f4218585e308b703346c2cd768ceb","CLOTHESLINE","3972b4e87c3021e5","11","","","human-review-v1","","",""
"human-golden-queue-v1","30e9d84fc23034ccb0eabac97f9e8f05b18f4218585e308b703346c2cd768ceb","CLOVES","e22d892a7d388d1e","6","","","human-review-v1","","",""
"human-golden-queue-v1","30e9d84fc23034ccb0eabac97f9e8f05b18f4218585e308b703346c2cd768ceb","CLOWN","3d60bebb3bb7c4cd","5","","","human-review-v1","","",""
"human-golden-queue-v1","30e9d84fc23034ccb0eabac97f9e8f05b18f4218585e308b703346c2cd768ceb","COBBLE","0293298e9a134b10","6","","","human-review-v1","","",""
"human-golden-queue-v1","30e9d84fc23034ccb0eabac97f9e8f05b18f4218585e308b703346c2cd768ceb","COBBLESTONE","c2ff3b7a297123cd","11","","","human-review-v1","","",""
"human-golden-queue-v1","30e9d84fc23034ccb0eabac97f9e8f05b18f4218585e308b703346c2cd768ceb","COCHAIR","5442cea05dacbfa1","7","","","human-review-v1","","",""
"human-golden-queue-v1","30e9d84fc23034ccb0eabac97f9e8f05b18f4218585e308b703346c2cd768ceb","COCKATRICES","7525064726219526","11","","","human-review-v1","","",""
"human-golden-queue-v1","30e9d84fc23034ccb0eabac97f9e8f05b18f4218585e308b703346c2cd768ceb","COCKCROWS","9cf1fe00288ad95e","9","","","human-review-v1","","",""
"human-golden-queue-v1","30e9d84fc23034ccb0eabac97f9e8f05b18f4218585e308b703346c2cd768ceb","COCKNEY","0f67a2b810be0df5","7","","","human-review-v1","","",""
"human-golden-queue-v1","30e9d84fc23034ccb0eabac97f9e8f05b18f4218585e308b703346c2cd768ceb","COD","64adcdfa83628c97","3","","","human-review-v1","","",""
"human-golden-queue-v1","30e9d84fc23034ccb0eabac97f9e8f05b18f4218585e308b703346c2cd768ceb","CODED","8974513c7b250e48","5","","","human-review-v1","","",""
"human-golden-queue-v1","30e9d84fc23034ccb0eabac97f9e8f05b18f4218585e308b703346c2cd768ceb","COEVALS","0e61f3185f56fbbf","7","","","human-review-v1","","",""
"human-golden-queue-v1","30e9d84fc23034ccb0eabac97f9e8f05b18f4218585e308b703346c2cd768ceb","COGENT","51fbe9feba449cdd","6","","","human-review-v1","","",""
"human-golden-queue-v1","30e9d84fc23034ccb0eabac97f9e8f05b18f4218585e308b703346c2cd768ceb","COHERES","497cba5b5219e650","7","","","human-review-v1","","",""
"human-golden-queue-v1","30e9d84fc23034ccb0eabac97f9e8f05b18f4218585e308b703346c2cd768ceb","COITAL","3243f036675bc9bb","6","","","human-review-v1","","",""
"human-golden-queue-v1","30e9d84fc23034ccb0eabac97f9e8f05b18f4218585e308b703346c2cd768ceb","COLAS","97ad0acf3d504735","5","","","human-review-v1","","",""
"human-golden-queue-v1","30e9d84fc23034ccb0eabac97f9e8f05b18f4218585e308b703346c2cd768ceb","COLDLY","03f6a05ff2a47fc0","6","","","human-review-v1","","",""
"human-golden-queue-v1","30e9d84fc23034ccb0eabac97f9e8f05b18f4218585e308b703346c2cd768ceb","COLLABORATORS","ea20295926c39c0e","13","","","human-review-v1","","",""
"human-golden-queue-v1","30e9d84fc23034ccb0eabac97f9e8f05b18f4218585e308b703346c2cd768ceb","COLLATERAL","13762bf5c1573171","10","","","human-review-v1","","",""
"human-golden-queue-v1","30e9d84fc23034ccb0eabac97f9e8f05b18f4218585e308b703346c2cd768ceb","COLLUDING","93accc9f7abfca91","9","","","human-review-v1","","",""
"human-golden-queue-v1","30e9d84fc23034ccb0eabac97f9e8f05b18f4218585e308b703346c2cd768ceb","COLORLESSLY","d09098ca370f02e0","11","","","human-review-v1","","",""
"human-golden-queue-v1","30e9d84fc23034ccb0eabac97f9e8f05b18f4218585e308b703346c2cd768ceb","COLS","e9cc3ac48af6f300","4","","","human-review-v1","","",""
"human-golden-queue-v1","30e9d84fc23034ccb0eabac97f9e8f05b18f4218585e308b703346c2cd768ceb","COLUMNIST","9fefc6186edcb1cd","9","","","human-review-v1","","",""
"human-golden-queue-v1","30e9d84fc23034ccb0eabac97f9e8f05b18f4218585e308b703346c2cd768ceb","COMMEMORATE","e4ea89b7025a0e18","11","","","human-review-v1","","",""
"human-golden-queue-v1","30e9d84fc23034ccb0eabac97f9e8f05b18f4218585e308b703346c2cd768ceb","COMPENSATING","b42de0a730586b4d","12","","","human-review-v1","","",""
"human-golden-queue-v1","30e9d84fc23034ccb0eabac97f9e8f05b18f4218585e308b703346c2cd768ceb","COMPLAIN","2d5fe6e85497fdaf","8","","","human-review-v1","","",""
"human-golden-queue-v1","30e9d84fc23034ccb0eabac97f9e8f05b18f4218585e308b703346c2cd768ceb","COMPLAINING","0d411a9b77252a47","11","","","human-review-v1","","",""
"human-golden-queue-v1","30e9d84fc23034ccb0eabac97f9e8f05b18f4218585e308b703346c2cd768ceb","COMPLETELY","3de64a867efc6317","10","","","human-review-v1","","",""
"human-golden-queue-v1","30e9d84fc23034ccb0eabac97f9e8f05b18f4218585e308b703346c2cd768ceb","COMPRISING","449c89a4854e2f68","10","","","human-review-v1","","",""
"human-golden-queue-v1","30e9d84fc23034ccb0eabac97f9e8f05b18f4218585e308b703346c2cd768ceb","COMPUTATIONAL","05e31df917139460","13","","","human-review-v1","","",""
"human-golden-queue-v1","30e9d84fc23034ccb0eabac97f9e8f05b18f4218585e308b703346c2cd768ceb","CONFEDERATION","1ee9388356c8629c","13","","","human-review-v1","","",""
"human-golden-queue-v1","30e9d84fc23034ccb0eabac97f9e8f05b18f4218585e308b703346c2cd768ceb","CONJOINERS","b37c1175de07e5b7","10","","","human-review-v1","","",""
"human-golden-queue-v1","30e9d84fc23034ccb0eabac97f9e8f05b18f4218585e308b703346c2cd768ceb","CONJUGAL","0b626bfedfb01993","8","","","human-review-v1","","",""
"human-golden-queue-v1","30e9d84fc23034ccb0eabac97f9e8f05b18f4218585e308b703346c2cd768ceb","CONSENTING","def5e1da86d20b51","10","","","human-review-v1","","",""
"human-golden-queue-v1","30e9d84fc23034ccb0eabac97f9e8f05b18f4218585e308b703346c2cd768ceb","CONSOLATORY","1afd52e9a58ad709","11","","","human-review-v1","","",""
"human-golden-queue-v1","30e9d84fc23034ccb0eabac97f9e8f05b18f4218585e308b703346c2cd768ceb","CONSTRAINING","28e403d3c1b377a0","12","","","human-review-v1","","",""
"human-golden-queue-v1","30e9d84fc23034ccb0eabac97f9e8f05b18f4218585e308b703346c2cd768ceb","CONSTRUES","53a80fabd0127407","9","","","human-review-v1","","",""
"human-golden-queue-v1","30e9d84fc23034ccb0eabac97f9e8f05b18f4218585e308b703346c2cd768ceb","CONSUMER","e4841c26b04fe2ae","8","","","human-review-v1","","",""
"human-golden-queue-v1","30e9d84fc23034ccb0eabac97f9e8f05b18f4218585e308b703346c2cd768ceb","CONUNDRUMS","a118f7ee91908636","10","","","human-review-v1","","",""
"human-golden-queue-v1","30e9d84fc23034ccb0eabac97f9e8f05b18f4218585e308b703346c2cd768ceb","CONVENT","b7cb9def0816075d","7","","","human-review-v1","","",""
"human-golden-queue-v1","30e9d84fc23034ccb0eabac97f9e8f05b18f4218585e308b703346c2cd768ceb","CONVENTS","1c74865bc3ac8e33","8","","","human-review-v1","","",""
"human-golden-queue-v1","30e9d84fc23034ccb0eabac97f9e8f05b18f4218585e308b703346c2cd768ceb","CONVERSES","51c2208a41cf94fc","9","","","human-review-v1","","",""
"human-golden-queue-v1","30e9d84fc23034ccb0eabac97f9e8f05b18f4218585e308b703346c2cd768ceb","CONVIVIALLY","f6ae743e6ed18b9e","11","","","human-review-v1","","",""
"human-golden-queue-v1","30e9d84fc23034ccb0eabac97f9e8f05b18f4218585e308b703346c2cd768ceb","COO","49deaef0164bbf78","3","","","human-review-v1","","",""
"human-golden-queue-v1","30e9d84fc23034ccb0eabac97f9e8f05b18f4218585e308b703346c2cd768ceb","COOL","55ecc7c2c17609eb","4","","","human-review-v1","","",""
"human-golden-queue-v1","30e9d84fc23034ccb0eabac97f9e8f05b18f4218585e308b703346c2cd768ceb","COR","321e55852c77b61d","3","","","human-review-v1","","",""
"human-golden-queue-v1","30e9d84fc23034ccb0eabac97f9e8f05b18f4218585e308b703346c2cd768ceb","CORONAS","27b05677562169bb","7","","","human-review-v1","","",""
"human-golden-queue-v1","30e9d84fc23034ccb0eabac97f9e8f05b18f4218585e308b703346c2cd768ceb","CORRALLING","787d2477e34a17ca","10","","","human-review-v1","","",""
"human-golden-queue-v1","30e9d84fc23034ccb0eabac97f9e8f05b18f4218585e308b703346c2cd768ceb","CORRECTABLE","a928b9981d686d09","11","","","human-review-v1","","",""
"human-golden-queue-v1","30e9d84fc23034ccb0eabac97f9e8f05b18f4218585e308b703346c2cd768ceb","CORRUPTLY","cf79f0815bc7b1b9","9","","","human-review-v1","","",""
"human-golden-queue-v1","30e9d84fc23034ccb0eabac97f9e8f05b18f4218585e308b703346c2cd768ceb","COS","68ec14e6d31c0fdc","3","","","human-review-v1","","",""
"human-golden-queue-v1","30e9d84fc23034ccb0eabac97f9e8f05b18f4218585e308b703346c2cd768ceb","COST","aa725539cddbf677","4","","","human-review-v1","","",""
"human-golden-queue-v1","30e9d84fc23034ccb0eabac97f9e8f05b18f4218585e308b703346c2cd768ceb","COSTLY","07a6bcdbefbf1c3f","6","","","human-review-v1","","",""
"human-golden-queue-v1","30e9d84fc23034ccb0eabac97f9e8f05b18f4218585e308b703346c2cd768ceb","COUNSELOR","d7bcba4631f4a03d","9","","","human-review-v1","","",""
"human-golden-queue-v1","30e9d84fc23034ccb0eabac97f9e8f05b18f4218585e308b703346c2cd768ceb","COUNTERFEITING","aab2f9705a83428d","14","","","human-review-v1","","",""
"human-golden-queue-v1","30e9d84fc23034ccb0eabac97f9e8f05b18f4218585e308b703346c2cd768ceb","COUNTERSUNK","b56052119d5879b2","11","","","human-review-v1","","",""
"human-golden-queue-v1","30e9d84fc23034ccb0eabac97f9e8f05b18f4218585e308b703346c2cd768ceb","COURTESY","2f7011b0fc52349f","8","","","human-review-v1","","",""
"human-golden-queue-v1","30e9d84fc23034ccb0eabac97f9e8f05b18f4218585e308b703346c2cd768ceb","COURTHOUSES","6b02a80bf2c82dd7","11","","","human-review-v1","","",""
"human-golden-queue-v1","30e9d84fc23034ccb0eabac97f9e8f05b18f4218585e308b703346c2cd768ceb","COWHERD","37aae31ad9df3a36","7","","","human-review-v1","","",""
"human-golden-queue-v1","30e9d84fc23034ccb0eabac97f9e8f05b18f4218585e308b703346c2cd768ceb","COXED","dfd89faff4086e44","5","","","human-review-v1","","",""
"human-golden-queue-v1","30e9d84fc23034ccb0eabac97f9e8f05b18f4218585e308b703346c2cd768ceb","COXSWAINS","efaeb1ed0eaef380","9","","","human-review-v1","","",""
"human-golden-queue-v1","30e9d84fc23034ccb0eabac97f9e8f05b18f4218585e308b703346c2cd768ceb","COZY","978a440bf8eb79d0","4","","","human-review-v1","","",""
"human-golden-queue-v1","30e9d84fc23034ccb0eabac97f9e8f05b18f4218585e308b703346c2cd768ceb","CPI","af0a6c2620f8c935","3","","","human-review-v1","","",""
"human-golden-queue-v1","30e9d84fc23034ccb0eabac97f9e8f05b18f4218585e308b703346c2cd768ceb","CPR","abac3c94f5655663","3","","","human-review-v1","","",""
"human-golden-queue-v1","30e9d84fc23034ccb0eabac97f9e8f05b18f4218585e308b703346c2cd768ceb","CPU","24dca16847652181","3","","","human-review-v1","","",""
"human-golden-queue-v1","30e9d84fc23034ccb0eabac97f9e8f05b18f4218585e308b703346c2cd768ceb","CRAYONING","5b5e284981be10dd","9","","","human-review-v1","","",""
"human-golden-queue-v1","30e9d84fc23034ccb0eabac97f9e8f05b18f4218585e308b703346c2cd768ceb","CRED","ff8e049ed0665bdd","4","","","human-review-v1","","",""
"human-golden-queue-v1","30e9d84fc23034ccb0eabac97f9e8f05b18f4218585e308b703346c2cd768ceb","CREDULOUS","57eec2741459524a","9","","","human-review-v1","","",""
"human-golden-queue-v1","30e9d84fc23034ccb0eabac97f9e8f05b18f4218585e308b703346c2cd768ceb","CRENELATES","311e1f4d2f15e96d","10","","","human-review-v1","","",""
"human-golden-queue-v1","30e9d84fc23034ccb0eabac97f9e8f05b18f4218585e308b703346c2cd768ceb","CRIBBERS","3d067c20eecb301a","8","","","human-review-v1","","",""
"human-golden-queue-v1","30e9d84fc23034ccb0eabac97f9e8f05b18f4218585e308b703346c2cd768ceb","CRICKETING","9f296a4455910ae3","10","","","human-review-v1","","",""
"human-golden-queue-v1","30e9d84fc23034ccb0eabac97f9e8f05b18f4218585e308b703346c2cd768ceb","CRIMINALIZES","b75e7e4a98c53e38","12","","","human-review-v1","","",""
"human-golden-queue-v1","30e9d84fc23034ccb0eabac97f9e8f05b18f4218585e308b703346c2cd768ceb","CROATIANS","4364f66e96ea395c","9","","","human-review-v1","","",""
"human-golden-queue-v1","30e9d84fc23034ccb0eabac97f9e8f05b18f4218585e308b703346c2cd768ceb","CROSSBOWMEN","94852817a2777472","11","","","human-review-v1","","",""
"human-golden-queue-v1","30e9d84fc23034ccb0eabac97f9e8f05b18f4218585e308b703346c2cd768ceb","CROSSTALK","8325c045a4dd2b23","9","","","human-review-v1","","",""
"human-golden-queue-v1","30e9d84fc23034ccb0eabac97f9e8f05b18f4218585e308b703346c2cd768ceb","CRT","75b83ad8f048447f","3","","","human-review-v1","","",""
"human-golden-queue-v1","30e9d84fc23034ccb0eabac97f9e8f05b18f4218585e308b703346c2cd768ceb","CRUMBIER","086be2bc4e6e8cac","8","","","human-review-v1","","",""
"human-golden-queue-v1","30e9d84fc23034ccb0eabac97f9e8f05b18f4218585e308b703346c2cd768ceb","CRUSHER","d1d07b766d61300b","7","","","human-review-v1","","",""
"human-golden-queue-v1","30e9d84fc23034ccb0eabac97f9e8f05b18f4218585e308b703346c2cd768ceb","CRYONICS","4e0ebbabc120b8a2","8","","","human-review-v1","","",""
"human-golden-queue-v1","30e9d84fc23034ccb0eabac97f9e8f05b18f4218585e308b703346c2cd768ceb","CST","cf6a33b5dc2e362d","3","","","human-review-v1","","",""
"human-golden-queue-v1","30e9d84fc23034ccb0eabac97f9e8f05b18f4218585e308b703346c2cd768ceb","CT","195e6bf8b0f17d33","2","","","human-review-v1","","",""
"human-golden-queue-v1","30e9d84fc23034ccb0eabac97f9e8f05b18f4218585e308b703346c2cd768ceb","CUD","a4696f0442fe72ed","3","","","human-review-v1","","",""
"human-golden-queue-v1","30e9d84fc23034ccb0eabac97f9e8f05b18f4218585e308b703346c2cd768ceb","CUDDLING","4f5a10a0eef4a45e","8","","","human-review-v1","","",""
"human-golden-queue-v1","30e9d84fc23034ccb0eabac97f9e8f05b18f4218585e308b703346c2cd768ceb","CUP","5b2e00e585c86770","3","","","human-review-v1","","",""
"human-golden-queue-v1","30e9d84fc23034ccb0eabac97f9e8f05b18f4218585e308b703346c2cd768ceb","CUPID","f9bafbb4bd39c9d4","5","","","human-review-v1","","",""
"human-golden-queue-v1","30e9d84fc23034ccb0eabac97f9e8f05b18f4218585e308b703346c2cd768ceb","CURABLE","828e9186cc32f8c6","7","","","human-review-v1","","",""
"human-golden-queue-v1","30e9d84fc23034ccb0eabac97f9e8f05b18f4218585e308b703346c2cd768ceb","CURLIER","0cd21300fc246eda","7","","","human-review-v1","","",""
"human-golden-queue-v1","30e9d84fc23034ccb0eabac97f9e8f05b18f4218585e308b703346c2cd768ceb","CUSTODIANSHIP","fc8fb6db75c48e27","13","","","human-review-v1","","",""
"human-golden-queue-v1","30e9d84fc23034ccb0eabac97f9e8f05b18f4218585e308b703346c2cd768ceb","CUT","5942b01b33ccbd06","3","","","human-review-v1","","",""
"human-golden-queue-v1","30e9d84fc23034ccb0eabac97f9e8f05b18f4218585e308b703346c2cd768ceb","CUTICLE","3efb24f7bbd42f41","7","","","human-review-v1","","",""
"human-golden-queue-v1","30e9d84fc23034ccb0eabac97f9e8f05b18f4218585e308b703346c2cd768ceb","CVS","eef829c9fb885dcc","3","","","human-review-v1","","",""
"human-golden-queue-v1","30e9d84fc23034ccb0eabac97f9e8f05b18f4218585e308b703346c2cd768ceb","CYAN","99070cc8351f0024","4","","","human-review-v1","","",""
"human-golden-queue-v1","30e9d84fc23034ccb0eabac97f9e8f05b18f4218585e308b703346c2cd768ceb","CYCLOMETERS","f1a0427fc42e49f0","11","","","human-review-v1","","",""
"human-golden-queue-v1","30e9d84fc23034ccb0eabac97f9e8f05b18f4218585e308b703346c2cd768ceb","CYCLONES","d6da1d26fb1cda6b","8","","","human-review-v1","","",""
"human-golden-queue-v1","30e9d84fc23034ccb0eabac97f9e8f05b18f4218585e308b703346c2cd768ceb","DAG","a424e57cb92db289","3","","","human-review-v1","","",""
"human-golden-queue-v1","30e9d84fc23034ccb0eabac97f9e8f05b18f4218585e308b703346c2cd768ceb","DAMASCUS","f39fab6c8937301f","8","","","human-review-v1","","",""
"human-golden-queue-v1","30e9d84fc23034ccb0eabac97f9e8f05b18f4218585e308b703346c2cd768ceb","DAMASK","e27706764e39b02c","6","","","human-review-v1","","",""
"human-golden-queue-v1","30e9d84fc23034ccb0eabac97f9e8f05b18f4218585e308b703346c2cd768ceb","DAMPERS","c65fc644123868b3","7","","","human-review-v1","","",""
"human-golden-queue-v1","30e9d84fc23034ccb0eabac97f9e8f05b18f4218585e308b703346c2cd768ceb","DAN","b2310e2cde633e00","3","","","human-review-v1","","",""
"human-golden-queue-v1","30e9d84fc23034ccb0eabac97f9e8f05b18f4218585e308b703346c2cd768ceb","DANDIER","fbb89721d1156bdf","7","","","human-review-v1","","",""
"human-golden-queue-v1","30e9d84fc23034ccb0eabac97f9e8f05b18f4218585e308b703346c2cd768ceb","DAPPERER","f2c97876f219d51d","8","","","human-review-v1","","",""
"human-golden-queue-v1","30e9d84fc23034ccb0eabac97f9e8f05b18f4218585e308b703346c2cd768ceb","DASHIKIS","410f50f4f45353ef","8","","","human-review-v1","","",""
"human-golden-queue-v1","30e9d84fc23034ccb0eabac97f9e8f05b18f4218585e308b703346c2cd768ceb","DAT","404205defd3f13a7","3","","","human-review-v1","","",""
"human-golden-queue-v1","30e9d84fc23034ccb0eabac97f9e8f05b18f4218585e308b703346c2cd768ceb","DAUNTINGLY","2385e9d6ef60ce4e","10","","","human-review-v1","","",""
"human-golden-queue-v1","30e9d84fc23034ccb0eabac97f9e8f05b18f4218585e308b703346c2cd768ceb","DBMS","f48aace4a7d4125a","4","","","human-review-v1","","",""
"human-golden-queue-v1","30e9d84fc23034ccb0eabac97f9e8f05b18f4218585e308b703346c2cd768ceb","DDT","90060c03d22b2e43","3","","","human-review-v1","","",""
"human-golden-queue-v1","30e9d84fc23034ccb0eabac97f9e8f05b18f4218585e308b703346c2cd768ceb","DE","b44adddac4743b0f","2","","","human-review-v1","","",""
"human-golden-queue-v1","30e9d84fc23034ccb0eabac97f9e8f05b18f4218585e308b703346c2cd768ceb","DEADER","a1a03ba29eb9634b","6","","","human-review-v1","","",""
"human-golden-queue-v1","30e9d84fc23034ccb0eabac97f9e8f05b18f4218585e308b703346c2cd768ceb","DEAFENED","c415d808fa61e454","8","","","human-review-v1","","",""
"human-golden-queue-v1","30e9d84fc23034ccb0eabac97f9e8f05b18f4218585e308b703346c2cd768ceb","DEB","8b8bc75ec6cf8a2e","3","","","human-review-v1","","",""
"human-golden-queue-v1","30e9d84fc23034ccb0eabac97f9e8f05b18f4218585e308b703346c2cd768ceb","DEBOUCHES","d105b1dd1b9961b1","9","","","human-review-v1","","",""
"human-golden-queue-v1","30e9d84fc23034ccb0eabac97f9e8f05b18f4218585e308b703346c2cd768ceb","DEC","9ef554da3e15a1a0","3","","","human-review-v1","","",""
"human-golden-queue-v1","30e9d84fc23034ccb0eabac97f9e8f05b18f4218585e308b703346c2cd768ceb","DECATHLETE","6e62282e46755c2e","10","","","human-review-v1","","",""
"human-golden-queue-v1","30e9d84fc23034ccb0eabac97f9e8f05b18f4218585e308b703346c2cd768ceb","DECENTRALIZE","51e987b20e097d3d","12","","","human-review-v1","","",""
"human-golden-queue-v1","30e9d84fc23034ccb0eabac97f9e8f05b18f4218585e308b703346c2cd768ceb","DECENTRALIZED","d01a62c749bf2901","13","","","human-review-v1","","",""
"human-golden-queue-v1","30e9d84fc23034ccb0eabac97f9e8f05b18f4218585e308b703346c2cd768ceb","DECOMMISSION","8e23ad5cbd99a34b","12","","","human-review-v1","","",""
"human-golden-queue-v1","30e9d84fc23034ccb0eabac97f9e8f05b18f4218585e308b703346c2cd768ceb","DECOMPOSERS","d3442b37126e1ade","11","","","human-review-v1","","",""
"human-golden-queue-v1","30e9d84fc23034ccb0eabac97f9e8f05b18f4218585e308b703346c2cd768ceb","DECONSTRUCTIONISTS","b8d1aa2255943d9f","18","","","human-review-v1","","",""
"human-golden-queue-v1","30e9d84fc23034ccb0eabac97f9e8f05b18f4218585e308b703346c2cd768ceb","DEFENSIVELY","18fed93087ea03ee","11","","","human-review-v1","","",""
"human-golden-queue-v1","30e9d84fc23034ccb0eabac97f9e8f05b18f4218585e308b703346c2cd768ceb","DEFOREST","a5b85c567d5c953b","8","","","human-review-v1","","",""
"human-golden-queue-v1","30e9d84fc23034ccb0eabac97f9e8f05b18f4218585e308b703346c2cd768ceb","DEFTEST","c7113bd10bfedba0","7","","","human-review-v1","","",""
"human-golden-queue-v1","30e9d84fc23034ccb0eabac97f9e8f05b18f4218585e308b703346c2cd768ceb","DELEVERAGED","ec419352a6706a9c","11","","","human-review-v1","","",""
"human-golden-queue-v1","30e9d84fc23034ccb0eabac97f9e8f05b18f4218585e308b703346c2cd768ceb","DELPHINIUMS","077854e8a5b3d1a3","11","","","human-review-v1","","",""
"human-golden-queue-v1","30e9d84fc23034ccb0eabac97f9e8f05b18f4218585e308b703346c2cd768ceb","DEMAGNETIZED","c8d0c25996fd1dcd","12","","","human-review-v1","","",""
"human-golden-queue-v1","30e9d84fc23034ccb0eabac97f9e8f05b18f4218585e308b703346c2cd768ceb","DEMARCATION","242fb286ed266b0a","11","","","human-review-v1","","",""
"human-golden-queue-v1","30e9d84fc23034ccb0eabac97f9e8f05b18f4218585e308b703346c2cd768ceb","DEMONSTRABLE","83da9988a00ab9f0","12","","","human-review-v1","","",""
"human-golden-queue-v1","30e9d84fc23034ccb0eabac97f9e8f05b18f4218585e308b703346c2cd768ceb","DEMONSTRATES","ba30cc758b9ed3b6","12","","","human-review-v1","","",""
"human-golden-queue-v1","30e9d84fc23034ccb0eabac97f9e8f05b18f4218585e308b703346c2cd768ceb","DEMONSTRATIVELY","5b802de084abacde","15","","","human-review-v1","","",""
"human-golden-queue-v1","30e9d84fc23034ccb0eabac97f9e8f05b18f4218585e308b703346c2cd768ceb","DEMULCENT","e25656dbcda87b91","9","","","human-review-v1","","",""
"human-golden-queue-v1","30e9d84fc23034ccb0eabac97f9e8f05b18f4218585e308b703346c2cd768ceb","DENATURING","9923fc5bdfd0472e","10","","","human-review-v1","","",""
"human-golden-queue-v1","30e9d84fc23034ccb0eabac97f9e8f05b18f4218585e308b703346c2cd768ceb","DENOMINATING","34147df91647e029","12","","","human-review-v1","","",""
"human-golden-queue-v1","30e9d84fc23034ccb0eabac97f9e8f05b18f4218585e308b703346c2cd768ceb","DENOTATIONS","14b7a5eab670e5c8","11","","","human-review-v1","","",""
"human-golden-queue-v1","30e9d84fc23034ccb0eabac97f9e8f05b18f4218585e308b703346c2cd768ceb","DEODORIZES","97f1ecf2aff3ed13","10","","","human-review-v1","","",""
"human-golden-queue-v1","30e9d84fc23034ccb0eabac97f9e8f05b18f4218585e308b703346c2cd768ceb","DEPLATFORM","61c7e49053160cc9","10","","","human-review-v1","","",""
"human-golden-queue-v1","30e9d84fc23034ccb0eabac97f9e8f05b18f4218585e308b703346c2cd768ceb","DEPOLARIZE","482a9d532b5b4875","10","","","human-review-v1","","",""
"human-golden-queue-v1","30e9d84fc23034ccb0eabac97f9e8f05b18f4218585e308b703346c2cd768ceb","DEPRESSURIZING","3299767a0da302df","14","","","human-review-v1","","",""
"human-golden-queue-v1","30e9d84fc23034ccb0eabac97f9e8f05b18f4218585e308b703346c2cd768ceb","DEPRIVES","5672b7332a111363","8","","","human-review-v1","","",""
"human-golden-queue-v1","30e9d84fc23034ccb0eabac97f9e8f05b18f4218585e308b703346c2cd768ceb","DERIDED","adc811d579dfd90e","7","","","human-review-v1","","",""
"human-golden-queue-v1","30e9d84fc23034ccb0eabac97f9e8f05b18f4218585e308b703346c2cd768ceb","DERISIVELY","eafa00f8ae4e7994","10","","","human-review-v1","","",""
"human-golden-queue-v1","30e9d84fc23034ccb0eabac97f9e8f05b18f4218585e308b703346c2cd768ceb","DERMOT","865cb983ac8d12fe","6","","","human-review-v1","","",""
"human-golden-queue-v1","30e9d84fc23034ccb0eabac97f9e8f05b18f4218585e308b703346c2cd768ceb","DESCENDANTS","23522af5a38ce3bf","11","","","human-review-v1","","",""
"human-golden-queue-v1","30e9d84fc23034ccb0eabac97f9e8f05b18f4218585e308b703346c2cd768ceb","DESIGNEES","5a3dda7d8e2af695","9","","","human-review-v1","","",""
"human-golden-queue-v1","30e9d84fc23034ccb0eabac97f9e8f05b18f4218585e308b703346c2cd768ceb","DESIRES","6b4ca21aebda902f","7","","","human-review-v1","","",""
"human-golden-queue-v1","30e9d84fc23034ccb0eabac97f9e8f05b18f4218585e308b703346c2cd768ceb","DESPISES","b1b34ce354f8a35c","8","","","human-review-v1","","",""
"human-golden-queue-v1","30e9d84fc23034ccb0eabac97f9e8f05b18f4218585e308b703346c2cd768ceb","DESPISING","93a9af1611064c25","9","","","human-review-v1","","",""
"human-golden-queue-v1","30e9d84fc23034ccb0eabac97f9e8f05b18f4218585e308b703346c2cd768ceb","DETACHING","7ec9519f5ebc6be3","9","","","human-review-v1","","",""
"human-golden-queue-v1","30e9d84fc23034ccb0eabac97f9e8f05b18f4218585e308b703346c2cd768ceb","DETESTABLE","1d1e6b8b8aac5f85","10","","","human-review-v1","","",""
"human-golden-queue-v1","30e9d84fc23034ccb0eabac97f9e8f05b18f4218585e308b703346c2cd768ceb","DEVILING","0618bb6b90a16eac","8","","","human-review-v1","","",""
"human-golden-queue-v1","30e9d84fc23034ccb0eabac97f9e8f05b18f4218585e308b703346c2cd768ceb","DEWCLAWS","226eb52d8071f7d4","8","","","human-review-v1","","",""
"human-golden-queue-v1","30e9d84fc23034ccb0eabac97f9e8f05b18f4218585e308b703346c2cd768ceb","DIAGNOSTICALLY","7ca9b78b2a5ea4ed","14","","","human-review-v1","","",""
"human-golden-queue-v1","30e9d84fc23034ccb0eabac97f9e8f05b18f4218585e308b703346c2cd768ceb","DIAGRAM","aedcf946b945a995","7","","","human-review-v1","","",""
"human-golden-queue-v1","30e9d84fc23034ccb0eabac97f9e8f05b18f4218585e308b703346c2cd768ceb","DIAMAGNETIC","fd869b3147f5a326","11","","","human-review-v1","","",""
"human-golden-queue-v1","30e9d84fc23034ccb0eabac97f9e8f05b18f4218585e308b703346c2cd768ceb","DICKERS","bf803d002c83b6d0","7","","","human-review-v1","","",""
"human-golden-queue-v1","30e9d84fc23034ccb0eabac97f9e8f05b18f4218585e308b703346c2cd768ceb","DIE","a10908b8daf4527e","3","","","human-review-v1","","",""
"human-golden-queue-v1","30e9d84fc23034ccb0eabac97f9e8f05b18f4218585e308b703346c2cd768ceb","DIELECTRIC","9fa97da4fda41d1a","10","","","human-review-v1","","",""
"human-golden-queue-v1","30e9d84fc23034ccb0eabac97f9e8f05b18f4218585e308b703346c2cd768ceb","DIGGINGS","a1fd6b8dd6026bda","8","","","human-review-v1","","",""
"human-golden-queue-v1","30e9d84fc23034ccb0eabac97f9e8f05b18f4218585e308b703346c2cd768ceb","DINE","9d2cd156f901d4cf","4","","","human-review-v1","","",""
"human-golden-queue-v1","30e9d84fc23034ccb0eabac97f9e8f05b18f4218585e308b703346c2cd768ceb","DINETTE","5f321cad4f654805","7","","","human-review-v1","","",""
"human-golden-queue-v1","30e9d84fc23034ccb0eabac97f9e8f05b18f4218585e308b703346c2cd768ceb","DIPLOPIA","4839432e3bd097b3","8","","","human-review-v1","","",""
"human-golden-queue-v1","30e9d84fc23034ccb0eabac97f9e8f05b18f4218585e308b703346c2cd768ceb","DIRTINESS","9aa8904a9e365348","9","","","human-review-v1","","",""
"human-golden-queue-v1","30e9d84fc23034ccb0eabac97f9e8f05b18f4218585e308b703346c2cd768ceb","DIS","80283f353bd3b275","3","","","human-review-v1","","",""
"human-golden-queue-v1","30e9d84fc23034ccb0eabac97f9e8f05b18f4218585e308b703346c2cd768ceb","DISAFFILIATES","633c3c85f206db9e","13","","","human-review-v1","","",""
"human-golden-queue-v1","30e9d84fc23034ccb0eabac97f9e8f05b18f4218585e308b703346c2cd768ceb","DISASSEMBLING","01e11e4fd73e5f85","13","","","human-review-v1","","",""
"human-golden-queue-v1","30e9d84fc23034ccb0eabac97f9e8f05b18f4218585e308b703346c2cd768ceb","DISBURSES","4e248bdeb1d8cc88","9","","","human-review-v1","","",""
"human-golden-queue-v1","30e9d84fc23034ccb0eabac97f9e8f05b18f4218585e308b703346c2cd768ceb","DISCLOSURE","6d0cd6d89741e553","10","","","human-review-v1","","",""
"human-golden-queue-v1","30e9d84fc23034ccb0eabac97f9e8f05b18f4218585e308b703346c2cd768ceb","DISCOED","fb3409e024ebf9f9","7","","","human-review-v1","","",""
"human-golden-queue-v1","30e9d84fc23034ccb0eabac97f9e8f05b18f4218585e308b703346c2cd768ceb","DISEASED","8bddb457d2765b70","8","","","human-review-v1","","",""
"human-golden-queue-v1","30e9d84fc23034ccb0eabac97f9e8f05b18f4218585e308b703346c2cd768ceb","DISEMBODY","a8aca94553c5756a","9","","","human-review-v1","","",""
"human-golden-queue-v1","30e9d84fc23034ccb0eabac97f9e8f05b18f4218585e308b703346c2cd768ceb","DISENCHANT","7d2f16aeddf0f8f1","10","","","human-review-v1","","",""
"human-golden-queue-v1","30e9d84fc23034ccb0eabac97f9e8f05b18f4218585e308b703346c2cd768ceb","DISENGAGE","c38b23875a4ef4a9","9","","","human-review-v1","","",""
"human-golden-queue-v1","30e9d84fc23034ccb0eabac97f9e8f05b18f4218585e308b703346c2cd768ceb","DISHEVEL","79993b8f1e02401f","8","","","human-review-v1","","",""
"human-golden-queue-v1","30e9d84fc23034ccb0eabac97f9e8f05b18f4218585e308b703346c2cd768ceb","DISHONORABLE","10dc0998928ab9e8","12","","","human-review-v1","","",""
"human-golden-queue-v1","30e9d84fc23034ccb0eabac97f9e8f05b18f4218585e308b703346c2cd768ceb","DISINTEGRATE","f75a59fcfc8797d3","12","","","human-review-v1","","",""
"human-golden-queue-v1","30e9d84fc23034ccb0eabac97f9e8f05b18f4218585e308b703346c2cd768ceb","DISMOUNTED","f6623c929eeae746","10","","","human-review-v1","","",""
"human-golden-queue-v1","30e9d84fc23034ccb0eabac97f9e8f05b18f4218585e308b703346c2cd768ceb","DISPLEASES","eaf75967f7716433","10","","","human-review-v1","","",""
"human-golden-queue-v1","30e9d84fc23034ccb0eabac97f9e8f05b18f4218585e308b703346c2cd768ceb","DISSIMULATION","62ecc32e61dbf98a","13","","","human-review-v1","","",""
"human-golden-queue-v1","30e9d84fc23034ccb0eabac97f9e8f05b18f4218585e308b703346c2cd768ceb","DISTENDS","3591030f5ed87d74","8","","","human-review-v1","","",""
"human-golden-queue-v1","30e9d84fc23034ccb0eabac97f9e8f05b18f4218585e308b703346c2cd768ceb","DISTILLER","d8fc76bf79ffc131","9","","","human-review-v1","","",""
"human-golden-queue-v1","30e9d84fc23034ccb0eabac97f9e8f05b18f4218585e308b703346c2cd768ceb","DISTINCTEST","e85dbafe42a37165","11","","","human-review-v1","","",""
"human-golden-queue-v1","30e9d84fc23034ccb0eabac97f9e8f05b18f4218585e308b703346c2cd768ceb","DITZES","808fa8aea7d6e557","6","","","human-review-v1","","",""
"human-golden-queue-v1","30e9d84fc23034ccb0eabac97f9e8f05b18f4218585e308b703346c2cd768ceb","DIVERSIONS","f13720d909140f81","10","","","human-review-v1","","",""
"human-golden-queue-v1","30e9d84fc23034ccb0eabac97f9e8f05b18f4218585e308b703346c2cd768ceb","DIVINED","59c14e86a89b899b","7","","","human-review-v1","","",""
"human-golden-queue-v1","30e9d84fc23034ccb0eabac97f9e8f05b18f4218585e308b703346c2cd768ceb","DIX","17ce618d848ffd8b","3","","","human-review-v1","","",""
"human-golden-queue-v1","30e9d84fc23034ccb0eabac97f9e8f05b18f4218585e308b703346c2cd768ceb","DOBS","ef4719d9f0d3928b","4","","","human-review-v1","","",""
"human-golden-queue-v1","30e9d84fc23034ccb0eabac97f9e8f05b18f4218585e308b703346c2cd768ceb","DOC","43ccb43f11b8235a","3","","","human-review-v1","","",""
"human-golden-queue-v1","30e9d84fc23034ccb0eabac97f9e8f05b18f4218585e308b703346c2cd768ceb","DOE","f30e5e0f5190afcb","3","","","human-review-v1","","",""
"human-golden-queue-v1","30e9d84fc23034ccb0eabac97f9e8f05b18f4218585e308b703346c2cd768ceb","DOGGONING","9d5c8381a02f8191","9","","","human-review-v1","","",""
"human-golden-queue-v1","30e9d84fc23034ccb0eabac97f9e8f05b18f4218585e308b703346c2cd768ceb","DOGTROT","ade4d73873dc6352","7","","","human-review-v1","","",""
"human-golden-queue-v1","30e9d84fc23034ccb0eabac97f9e8f05b18f4218585e308b703346c2cd768ceb","DOJO","fb06f5e5d6fab32f","4","","","human-review-v1","","",""
"human-golden-queue-v1","30e9d84fc23034ccb0eabac97f9e8f05b18f4218585e308b703346c2cd768ceb","DONGS","797e3563a8b15283","5","","","human-review-v1","","",""
"human-golden-queue-v1","30e9d84fc23034ccb0eabac97f9e8f05b18f4218585e308b703346c2cd768ceb","DOPA","5a3446796dcf48d9","4","","","human-review-v1","","",""
"human-golden-queue-v1","30e9d84fc23034ccb0eabac97f9e8f05b18f4218585e308b703346c2cd768ceb","DOS","0ffd0e474a5c2719","3","","","human-review-v1","","",""
"human-golden-queue-v1","30e9d84fc23034ccb0eabac97f9e8f05b18f4218585e308b703346c2cd768ceb","DOULA","4d33d1ebc0fa9ef8","5","","","human-review-v1","","",""
"human-golden-queue-v1","30e9d84fc23034ccb0eabac97f9e8f05b18f4218585e308b703346c2cd768ceb","DOUSE","e05cb12ac426043c","5","","","human-review-v1","","",""
"human-golden-queue-v1","30e9d84fc23034ccb0eabac97f9e8f05b18f4218585e308b703346c2cd768ceb","DOX","cd45656049badb03","3","","","human-review-v1","","",""
"human-golden-queue-v1","30e9d84fc23034ccb0eabac97f9e8f05b18f4218585e308b703346c2cd768ceb","DOZEN","8f90ea817f407df4","5","","","human-review-v1","","",""
"human-golden-queue-v1","30e9d84fc23034ccb0eabac97f9e8f05b18f4218585e308b703346c2cd768ceb","DOZY","27c236f50e44268b","4","","","human-review-v1","","",""
"human-golden-queue-v1","30e9d84fc23034ccb0eabac97f9e8f05b18f4218585e308b703346c2cd768ceb","DPS","0c56a2023c4f9494","3","","","human-review-v1","","",""
"human-golden-queue-v1","30e9d84fc23034ccb0eabac97f9e8f05b18f4218585e308b703346c2cd768ceb","DRABBEST","4471292b5bacc30c","8","","","human-review-v1","","",""
"human-golden-queue-v1","30e9d84fc23034ccb0eabac97f9e8f05b18f4218585e308b703346c2cd768ceb","DRAGONS","bd0cddd6cfa4c33e","7","","","human-review-v1","","",""
"human-golden-queue-v1","30e9d84fc23034ccb0eabac97f9e8f05b18f4218585e308b703346c2cd768ceb","DRAPER","810888604686bb2e","6","","","human-review-v1","","",""
"human-golden-queue-v1","30e9d84fc23034ccb0eabac97f9e8f05b18f4218585e308b703346c2cd768ceb","DRAWLING","028909b5d74b897e","8","","","human-review-v1","","",""
"human-golden-queue-v1","30e9d84fc23034ccb0eabac97f9e8f05b18f4218585e308b703346c2cd768ceb","DREIDELS","c22763653c7b516a","8","","","human-review-v1","","",""
"human-golden-queue-v1","30e9d84fc23034ccb0eabac97f9e8f05b18f4218585e308b703346c2cd768ceb","DRIBBLER","95a364e4985db789","8","","","human-review-v1","","",""
"human-golden-queue-v1","30e9d84fc23034ccb0eabac97f9e8f05b18f4218585e308b703346c2cd768ceb","DROID","5fb7076d39982e68","5","","","human-review-v1","","",""
"human-golden-queue-v1","30e9d84fc23034ccb0eabac97f9e8f05b18f4218585e308b703346c2cd768ceb","DROPKICKS","eb50227e557841e2","9","","","human-review-v1","","",""
"human-golden-queue-v1","30e9d84fc23034ccb0eabac97f9e8f05b18f4218585e308b703346c2cd768ceb","DRUBBINGS","2589f2401787eb7d","9","","","human-review-v1","","",""
"human-golden-queue-v1","30e9d84fc23034ccb0eabac97f9e8f05b18f4218585e308b703346c2cd768ceb","DRY","f6dfdc67526994bf","3","","","human-review-v1","","",""
"human-golden-queue-v1","30e9d84fc23034ccb0eabac97f9e8f05b18f4218585e308b703346c2cd768ceb","DRYAD","2f301da67dddc172","5","","","human-review-v1","","",""
"human-golden-queue-v1","30e9d84fc23034ccb0eabac97f9e8f05b18f4218585e308b703346c2cd768ceb","DUALITY","7a6bea9b99e4656e","7","","","human-review-v1","","",""
"human-golden-queue-v1","30e9d84fc23034ccb0eabac97f9e8f05b18f4218585e308b703346c2cd768ceb","DUBBING","2018b7978e4b41d5","7","","","human-review-v1","","",""
"human-golden-queue-v1","30e9d84fc23034ccb0eabac97f9e8f05b18f4218585e308b703346c2cd768ceb","DUELISTS","3333abc9dee77824","8","","","human-review-v1","","",""
"human-golden-queue-v1","30e9d84fc23034ccb0eabac97f9e8f05b18f4218585e308b703346c2cd768ceb","DUG","2894fbbe31d64761","3","","","human-review-v1","","",""
"human-golden-queue-v1","30e9d84fc23034ccb0eabac97f9e8f05b18f4218585e308b703346c2cd768ceb","DULLER","11ce7bd5e006354c","6","","","human-review-v1","","",""
"human-golden-queue-v1","30e9d84fc23034ccb0eabac97f9e8f05b18f4218585e308b703346c2cd768ceb","DUMBO","ff451f2896cd5849","5","","","human-review-v1","","",""
"human-golden-queue-v1","30e9d84fc23034ccb0eabac97f9e8f05b18f4218585e308b703346c2cd768ceb","DUN","b3e4cb0aaddd5ec8","3","","","human-review-v1","","",""
"human-golden-queue-v1","30e9d84fc23034ccb0eabac97f9e8f05b18f4218585e308b703346c2cd768ceb","DUNDERHEAD","49a504fbed7a9c18","10","","","human-review-v1","","",""
"human-golden-queue-v1","30e9d84fc23034ccb0eabac97f9e8f05b18f4218585e308b703346c2cd768ceb","DUNDERHEADS","bd03c0961ab7aef4","11","","","human-review-v1","","",""
"human-golden-queue-v1","30e9d84fc23034ccb0eabac97f9e8f05b18f4218585e308b703346c2cd768ceb","DUPLE","6808aedb3fbd41cc","5","","","human-review-v1","","",""
"human-golden-queue-v1","30e9d84fc23034ccb0eabac97f9e8f05b18f4218585e308b703346c2cd768ceb","DURBAN","d7e14dec4ae955ac","6","","","human-review-v1","","",""
"human-golden-queue-v1","30e9d84fc23034ccb0eabac97f9e8f05b18f4218585e308b703346c2cd768ceb","DURUM","bdccf2414dd0a7f9","5","","","human-review-v1","","",""
"human-golden-queue-v1","30e9d84fc23034ccb0eabac97f9e8f05b18f4218585e308b703346c2cd768ceb","DVD","b8d30d4ee3ccfdbf","3","","","human-review-v1","","",""
"human-golden-queue-v1","30e9d84fc23034ccb0eabac97f9e8f05b18f4218585e308b703346c2cd768ceb","DYSPHORIA","61f7e62c41f68473","9","","","human-review-v1","","",""
"human-golden-queue-v1","30e9d84fc23034ccb0eabac97f9e8f05b18f4218585e308b703346c2cd768ceb","EAR","dae7a699fe9d97fa","3","","","human-review-v1","","",""
"human-golden-queue-v1","30e9d84fc23034ccb0eabac97f9e8f05b18f4218585e308b703346c2cd768ceb","EARPIECE","38909ebfe3485215","8","","","human-review-v1","","",""
"human-golden-queue-v1","30e9d84fc23034ccb0eabac97f9e8f05b18f4218585e308b703346c2cd768ceb","EARRINGS","a464d1b7204d8aef","8","","","human-review-v1","","",""
"human-golden-queue-v1","30e9d84fc23034ccb0eabac97f9e8f05b18f4218585e308b703346c2cd768ceb","EAVE","45e98305c19b6f11","4","","","human-review-v1","","",""
"human-golden-queue-v1","30e9d84fc23034ccb0eabac97f9e8f05b18f4218585e308b703346c2cd768ceb","EBBED","ecf475696c8402d6","5","","","human-review-v1","","",""
"human-golden-queue-v1","30e9d84fc23034ccb0eabac97f9e8f05b18f4218585e308b703346c2cd768ceb","ECGS","cbf40c7ca63da8d2","4","","","human-review-v1","","",""
"human-golden-queue-v1","30e9d84fc23034ccb0eabac97f9e8f05b18f4218585e308b703346c2cd768ceb","EDGER","957bc89edc5f09f3","5","","","human-review-v1","","",""
"human-golden-queue-v1","30e9d84fc23034ccb0eabac97f9e8f05b18f4218585e308b703346c2cd768ceb","EDIFIERS","a936a240cad3de6d","8","","","human-review-v1","","",""
"human-golden-queue-v1","30e9d84fc23034ccb0eabac97f9e8f05b18f4218585e308b703346c2cd768ceb","EDMONTON","851898a92c2cca13","8","","","human-review-v1","","",""
"human-golden-queue-v1","30e9d84fc23034ccb0eabac97f9e8f05b18f4218585e308b703346c2cd768ceb","EEC","5f89df77dfad862a","3","","","human-review-v1","","",""
"human-golden-queue-v1","30e9d84fc23034ccb0eabac97f9e8f05b18f4218585e308b703346c2cd768ceb","EEG","8eff1aa234175081","3","","","human-review-v1","","",""
"human-golden-queue-v1","30e9d84fc23034ccb0eabac97f9e8f05b18f4218585e308b703346c2cd768ceb","EEL","a9ff983856b3e06d","3","","","human-review-v1","","",""
"human-golden-queue-v1","30e9d84fc23034ccb0eabac97f9e8f05b18f4218585e308b703346c2cd768ceb","EFFS","8a3901cd076fefca","4","","","human-review-v1","","",""
"human-golden-queue-v1","30e9d84fc23034ccb0eabac97f9e8f05b18f4218585e308b703346c2cd768ceb","EFFULGENCE","50ee58c0e46284a7","10","","","human-review-v1","","",""
"human-golden-queue-v1","30e9d84fc23034ccb0eabac97f9e8f05b18f4218585e308b703346c2cd768ceb","EJECT","584f58ca4e0d8eb4","5","","","human-review-v1","","",""
"human-golden-queue-v1","30e9d84fc23034ccb0eabac97f9e8f05b18f4218585e308b703346c2cd768ceb","EKE","98aefefcfdfc911a","3","","","human-review-v1","","",""
"human-golden-queue-v1","30e9d84fc23034ccb0eabac97f9e8f05b18f4218585e308b703346c2cd768ceb","EKG","4b46822c4e53c875","3","","","human-review-v1","","",""
"human-golden-queue-v1","30e9d84fc23034ccb0eabac97f9e8f05b18f4218585e308b703346c2cd768ceb","ELAND","416e603554102898","5","","","human-review-v1","","",""
"human-golden-queue-v1","30e9d84fc23034ccb0eabac97f9e8f05b18f4218585e308b703346c2cd768ceb","ELEGANCE","d3818f66a3ec6d79","8","","","human-review-v1","","",""
"human-golden-queue-v1","30e9d84fc23034ccb0eabac97f9e8f05b18f4218585e308b703346c2cd768ceb","ELF","8432961152704584","3","","","human-review-v1","","",""
"human-golden-queue-v1","30e9d84fc23034ccb0eabac97f9e8f05b18f4218585e308b703346c2cd768ceb","ELICITS","212230b6267a710b","7","","","human-review-v1","","",""
"human-golden-queue-v1","30e9d84fc23034ccb0eabac97f9e8f05b18f4218585e308b703346c2cd768ceb","ELIMINATES","35fe4dd688b0daa5","10","","","human-review-v1","","",""
"human-golden-queue-v1","30e9d84fc23034ccb0eabac97f9e8f05b18f4218585e308b703346c2cd768ceb","ELK","befad829ae83459b","3","","","human-review-v1","","",""
"human-golden-queue-v1","30e9d84fc23034ccb0eabac97f9e8f05b18f4218585e308b703346c2cd768ceb","ELL","41b29a13c5f5fa67","3","","","human-review-v1","","",""
"human-golden-queue-v1","30e9d84fc23034ccb0eabac97f9e8f05b18f4218585e308b703346c2cd768ceb","EMACIATING","da0f25fb119cd9d9","10","","","human-review-v1","","",""
"human-golden-queue-v1","30e9d84fc23034ccb0eabac97f9e8f05b18f4218585e308b703346c2cd768ceb","EMASCULATING","cd9f031f3630c013","12","","","human-review-v1","","",""
"human-golden-queue-v1","30e9d84fc23034ccb0eabac97f9e8f05b18f4218585e308b703346c2cd768ceb","EMENDED","5259093f460c456f","7","","","human-review-v1","","",""
"human-golden-queue-v1","30e9d84fc23034ccb0eabac97f9e8f05b18f4218585e308b703346c2cd768ceb","EMETICS","e4c2a2544720f9a6","7","","","human-review-v1","","",""
"human-golden-queue-v1","30e9d84fc23034ccb0eabac97f9e8f05b18f4218585e308b703346c2cd768ceb","EMITTING","197e6e1dc40ebc08","8","","","human-review-v1","","",""
"human-golden-queue-v1","30e9d84fc23034ccb0eabac97f9e8f05b18f4218585e308b703346c2cd768ceb","EMO","3150a1e8fa643061","3","","","human-review-v1","","",""
"human-golden-queue-v1","30e9d84fc23034ccb0eabac97f9e8f05b18f4218585e308b703346c2cd768ceb","EMOTIONALIZED","6ded2390a0d8b48f","13","","","human-review-v1","","",""
"human-golden-queue-v1","30e9d84fc23034ccb0eabac97f9e8f05b18f4218585e308b703346c2cd768ceb","EMPTIES","2a04f5e14af45241","7","","","human-review-v1","","",""
"human-golden-queue-v1","30e9d84fc23034ccb0eabac97f9e8f05b18f4218585e308b703346c2cd768ceb","EMS","16cf7befeced5af2","3","","","human-review-v1","","",""
"human-golden-queue-v1","30e9d84fc23034ccb0eabac97f9e8f05b18f4218585e308b703346c2cd768ceb","EMU","e764887cc3e2aa7a","3","","","human-review-v1","","",""
"human-golden-queue-v1","30e9d84fc23034ccb0eabac97f9e8f05b18f4218585e308b703346c2cd768ceb","ENCHAINS","23a496d17f004794","8","","","human-review-v1","","",""
"human-golden-queue-v1","30e9d84fc23034ccb0eabac97f9e8f05b18f4218585e308b703346c2cd768ceb","ENCIRCLES","300305835c569cba","9","","","human-review-v1","","",""
"human-golden-queue-v1","30e9d84fc23034ccb0eabac97f9e8f05b18f4218585e308b703346c2cd768ceb","ENCLOSED","38e5bfa154158992","8","","","human-review-v1","","",""
"human-golden-queue-v1","30e9d84fc23034ccb0eabac97f9e8f05b18f4218585e308b703346c2cd768ceb","ENDPOINTS","fd6f60e6e57ddbc9","9","","","human-review-v1","","",""
"human-golden-queue-v1","30e9d84fc23034ccb0eabac97f9e8f05b18f4218585e308b703346c2cd768ceb","ENFILADED","e0a1cdba4efb5172","9","","","human-review-v1","","",""
"human-golden-queue-v1","30e9d84fc23034ccb0eabac97f9e8f05b18f4218585e308b703346c2cd768ceb","ENFILADING","63ef6fae796345b6","10","","","human-review-v1","","",""
"human-golden-queue-v1","30e9d84fc23034ccb0eabac97f9e8f05b18f4218585e308b703346c2cd768ceb","ENFOLDING","45e9ccd4d4f0c11f","9","","","human-review-v1","","",""
"human-golden-queue-v1","30e9d84fc23034ccb0eabac97f9e8f05b18f4218585e308b703346c2cd768ceb","ENG","d0cb06690da854c9","3","","","human-review-v1","","",""
"human-golden-queue-v1","30e9d84fc23034ccb0eabac97f9e8f05b18f4218585e308b703346c2cd768ceb","ENGENDER","f1edeef21da953c3","8","","","human-review-v1","","",""
"human-golden-queue-v1","30e9d84fc23034ccb0eabac97f9e8f05b18f4218585e308b703346c2cd768ceb","ENS","99b6397c7d85a5ce","3","","","human-review-v1","","",""
"human-golden-queue-v1","30e9d84fc23034ccb0eabac97f9e8f05b18f4218585e308b703346c2cd768ceb","ENSHROUDING","9c3ebc788f6ddc85","11","","","human-review-v1","","",""
"human-golden-queue-v1","30e9d84fc23034ccb0eabac97f9e8f05b18f4218585e308b703346c2cd768ceb","ENSLAVING","43b2828541d76a79","9","","","human-review-v1","","",""
"human-golden-queue-v1","30e9d84fc23034ccb0eabac97f9e8f05b18f4218585e308b703346c2cd768ceb","ENTAIL","eb23c9a77ef7cac3","6","","","human-review-v1","","",""
"human-golden-queue-v1","30e9d84fc23034ccb0eabac97f9e8f05b18f4218585e308b703346c2cd768ceb","ENTOMOLOGICAL","22240bc86a885736","13","","","human-review-v1","","",""
"human-golden-queue-v1","30e9d84fc23034ccb0eabac97f9e8f05b18f4218585e308b703346c2cd768ceb","ENTRANCING","99c2445ed1dc5676","10","","","human-review-v1","","",""
"human-golden-queue-v1","30e9d84fc23034ccb0eabac97f9e8f05b18f4218585e308b703346c2cd768ceb","ENTREATY","a12073d01d953de3","8","","","human-review-v1","","",""
"human-golden-queue-v1","30e9d84fc23034ccb0eabac97f9e8f05b18f4218585e308b703346c2cd768ceb","ENVELOPED","7b630fa2840bd263","9","","","human-review-v1","","",""
"human-golden-queue-v1","30e9d84fc23034ccb0eabac97f9e8f05b18f4218585e308b703346c2cd768ceb","EPA","8c8974bfbdb61147","3","","","human-review-v1","","",""
"human-golden-queue-v1","30e9d84fc23034ccb0eabac97f9e8f05b18f4218585e308b703346c2cd768ceb","EPAULET","d64508a557b4973d","7","","","human-review-v1","","",""
"human-golden-queue-v1","30e9d84fc23034ccb0eabac97f9e8f05b18f4218585e308b703346c2cd768ceb","EPITHELIAL","3853c2d53ea02f04","10","","","human-review-v1","","",""
"human-golden-queue-v1","30e9d84fc23034ccb0eabac97f9e8f05b18f4218585e308b703346c2cd768ceb","ERE","cd9f9c32490457f0","3","","","human-review-v1","","",""
"human-golden-queue-v1","30e9d84fc23034ccb0eabac97f9e8f05b18f4218585e308b703346c2cd768ceb","ERG","6bf16aa7669408fe","3","","","human-review-v1","","",""
"human-golden-queue-v1","30e9d84fc23034ccb0eabac97f9e8f05b18f4218585e308b703346c2cd768ceb","ERGOT","e9166e4b9aa997e5","5","","","human-review-v1","","",""
"human-golden-queue-v1","30e9d84fc23034ccb0eabac97f9e8f05b18f4218585e308b703346c2cd768ceb","ERMINE","fe82a0c4564866e6","6","","","human-review-v1","","",""
"human-golden-queue-v1","30e9d84fc23034ccb0eabac97f9e8f05b18f4218585e308b703346c2cd768ceb","ERS","5ef785e687ae4f09","3","","","human-review-v1","","",""
"human-golden-queue-v1","30e9d84fc23034ccb0eabac97f9e8f05b18f4218585e308b703346c2cd768ceb","ES","ec1832b80ebae7f4","2","","","human-review-v1","","",""
"human-golden-queue-v1","30e9d84fc23034ccb0eabac97f9e8f05b18f4218585e308b703346c2cd768ceb","ESP","aa70e396f37cd8ab","3","","","human-review-v1","","",""
"human-golden-queue-v1","30e9d84fc23034ccb0eabac97f9e8f05b18f4218585e308b703346c2cd768ceb","ESPOUSING","5c3050ec4feb1143","9","","","human-review-v1","","",""
"human-golden-queue-v1","30e9d84fc23034ccb0eabac97f9e8f05b18f4218585e308b703346c2cd768ceb","ESQ","4dbf7c8302b92d4c","3","","","human-review-v1","","",""
"human-golden-queue-v1","30e9d84fc23034ccb0eabac97f9e8f05b18f4218585e308b703346c2cd768ceb","EST","88eb5281685e3457","3","","","human-review-v1","","",""
"human-golden-queue-v1","30e9d84fc23034ccb0eabac97f9e8f05b18f4218585e308b703346c2cd768ceb","ESTRANGES","18684776dc03b2d2","9","","","human-review-v1","","",""
"human-golden-queue-v1","30e9d84fc23034ccb0eabac97f9e8f05b18f4218585e308b703346c2cd768ceb","ETA","501074021d3d3c96","3","","","human-review-v1","","",""
"human-golden-queue-v1","30e9d84fc23034ccb0eabac97f9e8f05b18f4218585e308b703346c2cd768ceb","ETHEREAL","4f6932764f79f74f","8","","","human-review-v1","","",""
"human-golden-queue-v1","30e9d84fc23034ccb0eabac97f9e8f05b18f4218585e308b703346c2cd768ceb","ETHIOPIAN","11fb7c0806212888","9","","","human-review-v1","","",""
"human-golden-queue-v1","30e9d84fc23034ccb0eabac97f9e8f05b18f4218585e308b703346c2cd768ceb","ETHYL","ee49ce4ede2a3d02","5","","","human-review-v1","","",""
"human-golden-queue-v1","30e9d84fc23034ccb0eabac97f9e8f05b18f4218585e308b703346c2cd768ceb","EVAPORATION","a1d3939fc1aad9f7","11","","","human-review-v1","","",""
"human-golden-queue-v1","30e9d84fc23034ccb0eabac97f9e8f05b18f4218585e308b703346c2cd768ceb","EVILNESS","fd9bde605d70bfe6","8","","","human-review-v1","","",""
"human-golden-queue-v1","30e9d84fc23034ccb0eabac97f9e8f05b18f4218585e308b703346c2cd768ceb","EXCAVATED","ff6d5a39a5f0d922","9","","","human-review-v1","","",""
"human-golden-queue-v1","30e9d84fc23034ccb0eabac97f9e8f05b18f4218585e308b703346c2cd768ceb","EXCESSES","cf0d5832f6de9d55","8","","","human-review-v1","","",""
"human-golden-queue-v1","30e9d84fc23034ccb0eabac97f9e8f05b18f4218585e308b703346c2cd768ceb","EXODUS","3c41c89009288feb","6","","","human-review-v1","","",""
"human-golden-queue-v1","30e9d84fc23034ccb0eabac97f9e8f05b18f4218585e308b703346c2cd768ceb","EXPECTORATION","00e183cf883cbe21","13","","","human-review-v1","","",""
"human-golden-queue-v1","30e9d84fc23034ccb0eabac97f9e8f05b18f4218585e308b703346c2cd768ceb","EXPERTISE","4a23ae99ffaa1387","9","","","human-review-v1","","",""
"human-golden-queue-v1","30e9d84fc23034ccb0eabac97f9e8f05b18f4218585e308b703346c2cd768ceb","EXPLOSIVE","ee811e6b340cd602","9","","","human-review-v1","","",""
"human-golden-queue-v1","30e9d84fc23034ccb0eabac97f9e8f05b18f4218585e308b703346c2cd768ceb","EXPOSTULATE","58b5a476bd83bc80","11","","","human-review-v1","","",""
"human-golden-queue-v1","30e9d84fc23034ccb0eabac97f9e8f05b18f4218585e308b703346c2cd768ceb","EXPOUNDERS","5b90a2deea24a0b7","10","","","human-review-v1","","",""
"human-golden-queue-v1","30e9d84fc23034ccb0eabac97f9e8f05b18f4218585e308b703346c2cd768ceb","EXPRESSIBLE","74fde0483b4236ba","11","","","human-review-v1","","",""
"human-golden-queue-v1","30e9d84fc23034ccb0eabac97f9e8f05b18f4218585e308b703346c2cd768ceb","EXTINCTS","49ab4df8b3949769","8","","","human-review-v1","","",""
"human-golden-queue-v1","30e9d84fc23034ccb0eabac97f9e8f05b18f4218585e308b703346c2cd768ceb","EXTINGUISH","47eb80b640ffdc2b","10","","","human-review-v1","","",""
"human-golden-queue-v1","30e9d84fc23034ccb0eabac97f9e8f05b18f4218585e308b703346c2cd768ceb","EXTORTS","75805d743f6ae3e4","7","","","human-review-v1","","",""
"human-golden-queue-v1","30e9d84fc23034ccb0eabac97f9e8f05b18f4218585e308b703346c2cd768ceb","EXTRACTS","7ba39d9ba02a745c","8","","","human-review-v1","","",""
"human-golden-queue-v1","30e9d84fc23034ccb0eabac97f9e8f05b18f4218585e308b703346c2cd768ceb","EYELET","ee5f73b0ae3d1141","6","","","human-review-v1","","",""
"human-golden-queue-v1","30e9d84fc23034ccb0eabac97f9e8f05b18f4218585e308b703346c2cd768ceb","FAA","650e2d7d9ecba904","3","","","human-review-v1","","",""
"human-golden-queue-v1","30e9d84fc23034ccb0eabac97f9e8f05b18f4218585e308b703346c2cd768ceb","FADDY","f78c568082493347","5","","","human-review-v1","","",""
"human-golden-queue-v1","30e9d84fc23034ccb0eabac97f9e8f05b18f4218585e308b703346c2cd768ceb","FAG","426bf231bd172dd6","3","","","human-review-v1","","",""
"human-golden-queue-v1","30e9d84fc23034ccb0eabac97f9e8f05b18f4218585e308b703346c2cd768ceb","FAKED","9c905aaec7aa0b32","5","","","human-review-v1","","",""
"human-golden-queue-v1","30e9d84fc23034ccb0eabac97f9e8f05b18f4218585e308b703346c2cd768ceb","FALLOW","8a825e22ef41e463","6","","","human-review-v1","","",""
"human-golden-queue-v1","30e9d84fc23034ccb0eabac97f9e8f05b18f4218585e308b703346c2cd768ceb","FAMISH","b7b0a72c484b5232","6","","","human-review-v1","","",""
"human-golden-queue-v1","30e9d84fc23034ccb0eabac97f9e8f05b18f4218585e308b703346c2cd768ceb","FARINACEOUS","823303eab64eb915","11","","","human-review-v1","","",""
"human-golden-queue-v1","30e9d84fc23034ccb0eabac97f9e8f05b18f4218585e308b703346c2cd768ceb","FATS","0218b899f5921a5f","4","","","human-review-v1","","",""
"human-golden-queue-v1","30e9d84fc23034ccb0eabac97f9e8f05b18f4218585e308b703346c2cd768ceb","FAVAS","a92f7fe0bd74d727","5","","","human-review-v1","","",""
"human-golden-queue-v1","30e9d84fc23034ccb0eabac97f9e8f05b18f4218585e308b703346c2cd768ceb","FAX","d3c89d6704e5955b","3","","","human-review-v1","","",""
"human-golden-queue-v1","30e9d84fc23034ccb0eabac97f9e8f05b18f4218585e308b703346c2cd768ceb","FCC","c69a2a2c8e8c48ed","3","","","human-review-v1","","",""
"human-golden-queue-v1","30e9d84fc23034ccb0eabac97f9e8f05b18f4218585e308b703346c2cd768ceb","FDA","fe48c2bb0e85a0a9","3","","","human-review-v1","","",""
"human-golden-queue-v1","30e9d84fc23034ccb0eabac97f9e8f05b18f4218585e308b703346c2cd768ceb","FEASTER","38d5fddcc41255e7","7","","","human-review-v1","","",""
"human-golden-queue-v1","30e9d84fc23034ccb0eabac97f9e8f05b18f4218585e308b703346c2cd768ceb","FEB","95f0d0497dc054bc","3","","","human-review-v1","","",""
"human-golden-queue-v1","30e9d84fc23034ccb0eabac97f9e8f05b18f4218585e308b703346c2cd768ceb","FECKLESSLY","c2cfa62b9f927bed","10","","","human-review-v1","","",""
"human-golden-queue-v1","30e9d84fc23034ccb0eabac97f9e8f05b18f4218585e308b703346c2cd768ceb","FED","eee0ff63632782f5","3","","","human-review-v1","","",""
"human-golden-queue-v1","30e9d84fc23034ccb0eabac97f9e8f05b18f4218585e308b703346c2cd768ceb","FEELINGLY","c70ce6744920381e","9","","","human-review-v1","","",""
"human-golden-queue-v1","30e9d84fc23034ccb0eabac97f9e8f05b18f4218585e308b703346c2cd768ceb","FEMME","1284330be47ac626","5","","","human-review-v1","","",""
"human-golden-queue-v1","30e9d84fc23034ccb0eabac97f9e8f05b18f4218585e308b703346c2cd768ceb","FEMMES","e0ceefb9af9dcf59","6","","","human-review-v1","","",""
"human-golden-queue-v1","30e9d84fc23034ccb0eabac97f9e8f05b18f4218585e308b703346c2cd768ceb","FEN","55f22e043af8c5c8","3","","","human-review-v1","","",""
"human-golden-queue-v1","30e9d84fc23034ccb0eabac97f9e8f05b18f4218585e308b703346c2cd768ceb","FENDS","9dcd9ace02f8b605","5","","","human-review-v1","","",""
"human-golden-queue-v1","30e9d84fc23034ccb0eabac97f9e8f05b18f4218585e308b703346c2cd768ceb","FERRYMAN","f6f41530197f7895","8","","","human-review-v1","","",""
"human-golden-queue-v1","30e9d84fc23034ccb0eabac97f9e8f05b18f4218585e308b703346c2cd768ceb","FETTERING","6798a2b8f346f023","9","","","human-review-v1","","",""
"human-golden-queue-v1","30e9d84fc23034ccb0eabac97f9e8f05b18f4218585e308b703346c2cd768ceb","FEY","73b65804c6ffb052","3","","","human-review-v1","","",""
"human-golden-queue-v1","30e9d84fc23034ccb0eabac97f9e8f05b18f4218585e308b703346c2cd768ceb","FEZZES","ff708705c2d37dd5","6","","","human-review-v1","","",""
"human-golden-queue-v1","30e9d84fc23034ccb0eabac97f9e8f05b18f4218585e308b703346c2cd768ceb","FHA","b1734227ccf41882","3","","","human-review-v1","","",""
"human-golden-queue-v1","30e9d84fc23034ccb0eabac97f9e8f05b18f4218585e308b703346c2cd768ceb","FIAT","a2c665a5e49965a6","4","","","human-review-v1","","",""
"human-golden-queue-v1","30e9d84fc23034ccb0eabac97f9e8f05b18f4218585e308b703346c2cd768ceb","FICTIONALIZED","e0cd86dd592ef69b","13","","","human-review-v1","","",""
"human-golden-queue-v1","30e9d84fc23034ccb0eabac97f9e8f05b18f4218585e308b703346c2cd768ceb","FIE","d1d840d16b2b7cf7","3","","","human-review-v1","","",""
"human-golden-queue-v1","30e9d84fc23034ccb0eabac97f9e8f05b18f4218585e308b703346c2cd768ceb","FIEFS","aaba149202a3d69f","5","","","human-review-v1","","",""
"human-golden-queue-v1","30e9d84fc23034ccb0eabac97f9e8f05b18f4218585e308b703346c2cd768ceb","FIGURING","517eaed2cedfdef2","8","","","human-review-v1","","",""
"human-golden-queue-v1","30e9d84fc23034ccb0eabac97f9e8f05b18f4218585e308b703346c2cd768ceb","FILER","ddf098eb0a41fbf8","5","","","human-review-v1","","",""
"human-golden-queue-v1","30e9d84fc23034ccb0eabac97f9e8f05b18f4218585e308b703346c2cd768ceb","FINALLY","f073fd723c59c001","7","","","human-review-v1","","",""
"human-golden-queue-v1","30e9d84fc23034ccb0eabac97f9e8f05b18f4218585e308b703346c2cd768ceb","FINGERPRINTS","de1189f739683253","12","","","human-review-v1","","",""
"human-golden-queue-v1","30e9d84fc23034ccb0eabac97f9e8f05b18f4218585e308b703346c2cd768ceb","FIREFIGHTER","fea1f3eb036a3140","11","","","human-review-v1","","",""
"human-golden-queue-v1","30e9d84fc23034ccb0eabac97f9e8f05b18f4218585e308b703346c2cd768ceb","FIRSTHAND","3d8848f916d01fc0","9","","","human-review-v1","","",""
"human-golden-queue-v1","30e9d84fc23034ccb0eabac97f9e8f05b18f4218585e308b703346c2cd768ceb","FISHY","0c5c6b36822c37be","5","","","human-review-v1","","",""
"human-golden-queue-v1","30e9d84fc23034ccb0eabac97f9e8f05b18f4218585e308b703346c2cd768ceb","FIXATING","4f8955ca8d167e4b","8","","","human-review-v1","","",""
"human-golden-queue-v1","30e9d84fc23034ccb0eabac97f9e8f05b18f4218585e308b703346c2cd768ceb","FIXTURE","6d522b87606d89f6","7","","","human-review-v1","","",""
"human-golden-queue-v1","30e9d84fc23034ccb0eabac97f9e8f05b18f4218585e308b703346c2cd768ceb","FLAGELLATION","40daa6468e005396","12","","","human-review-v1","","",""
"human-golden-queue-v1","30e9d84fc23034ccb0eabac97f9e8f05b18f4218585e308b703346c2cd768ceb","FLAGON","003adda2998353f4","6","","","human-review-v1","","",""
"human-golden-queue-v1","30e9d84fc23034ccb0eabac97f9e8f05b18f4218585e308b703346c2cd768ceb","FLAGONS","44ec0688a49d90eb","7","","","human-review-v1","","",""
"human-golden-queue-v1","30e9d84fc23034ccb0eabac97f9e8f05b18f4218585e308b703346c2cd768ceb","FLAMENCOS","2a7424cd1f358f31","9","","","human-review-v1","","",""
"human-golden-queue-v1","30e9d84fc23034ccb0eabac97f9e8f05b18f4218585e308b703346c2cd768ceb","FLARED","7f6d56e02268b66e","6","","","human-review-v1","","",""
"human-golden-queue-v1","30e9d84fc23034ccb0eabac97f9e8f05b18f4218585e308b703346c2cd768ceb","FLATTENS","e7e7b4c6395a1f19","8","","","human-review-v1","","",""
"human-golden-queue-v1","30e9d84fc23034ccb0eabac97f9e8f05b18f4218585e308b703346c2cd768ceb","FLAVORS","f94bab93b9bf6f98","7","","","human-review-v1","","",""
"human-golden-queue-v1","30e9d84fc23034ccb0eabac97f9e8f05b18f4218585e308b703346c2cd768ceb","FLEAPITS","75072b410cd7192f","8","","","human-review-v1","","",""
"human-golden-queue-v1","30e9d84fc23034ccb0eabac97f9e8f05b18f4218585e308b703346c2cd768ceb","FLEDGLING","6398e1b904160750","9","","","human-review-v1","","",""
"human-golden-queue-v1","30e9d84fc23034ccb0eabac97f9e8f05b18f4218585e308b703346c2cd768ceb","FLEECES","b64a3cb4b86d2ae8","7","","","human-review-v1","","",""
"human-golden-queue-v1","30e9d84fc23034ccb0eabac97f9e8f05b18f4218585e308b703346c2cd768ceb","FLIRTATIOUSLY","cf65270c6ede3bde","13","","","human-review-v1","","",""
"human-golden-queue-v1","30e9d84fc23034ccb0eabac97f9e8f05b18f4218585e308b703346c2cd768ceb","FLU","913e778b43268b99","3","","","human-review-v1","","",""
"human-golden-queue-v1","30e9d84fc23034ccb0eabac97f9e8f05b18f4218585e308b703346c2cd768ceb","FLUFFINESS","6b51eaed00ffafa0","10","","","human-review-v1","","",""
"human-golden-queue-v1","30e9d84fc23034ccb0eabac97f9e8f05b18f4218585e308b703346c2cd768ceb","FLUKY","0b6ff3733184ce98","5","","","human-review-v1","","",""
"human-golden-queue-v1","30e9d84fc23034ccb0eabac97f9e8f05b18f4218585e308b703346c2cd768ceb","FLUNKS","37dbea6eecbcac5d","6","","","human-review-v1","","",""
"human-golden-queue-v1","30e9d84fc23034ccb0eabac97f9e8f05b18f4218585e308b703346c2cd768ceb","FLUORIDATES","ea9abc277fd26a06","11","","","human-review-v1","","",""
"human-golden-queue-v1","30e9d84fc23034ccb0eabac97f9e8f05b18f4218585e308b703346c2cd768ceb","FOB","ced87119190c2b00","3","","","human-review-v1","","",""
"human-golden-queue-v1","30e9d84fc23034ccb0eabac97f9e8f05b18f4218585e308b703346c2cd768ceb","FOLDED","8ce495a149d703c6","6","","","human-review-v1","","",""
"human-golden-queue-v1","30e9d84fc23034ccb0eabac97f9e8f05b18f4218585e308b703346c2cd768ceb","FOO","bba56100031f1aea","3","","","human-review-v1","","",""
"human-golden-queue-v1","30e9d84fc23034ccb0eabac97f9e8f05b18f4218585e308b703346c2cd768ceb","FOODSTUFFS","34cd5fb9626d8b3c","10","","","human-review-v1","","",""
"human-golden-queue-v1","30e9d84fc23034ccb0eabac97f9e8f05b18f4218585e308b703346c2cd768ceb","FOP","b553707dc510dae9","3","","","human-review-v1","","",""
"human-golden-queue-v1","30e9d84fc23034ccb0eabac97f9e8f05b18f4218585e308b703346c2cd768ceb","FOR","16905ddc62b3445b","3","","","human-review-v1","","",""
"human-golden-queue-v1","30e9d84fc23034ccb0eabac97f9e8f05b18f4218585e308b703346c2cd768ceb","FORECLOSING","7845e1d7d2c2e5f7","11","","","human-review-v1","","",""
"human-golden-queue-v1","30e9d84fc23034ccb0eabac97f9e8f05b18f4218585e308b703346c2cd768ceb","FOREHEAD","9be622fd2602f820","8","","","human-review-v1","","",""
"human-golden-queue-v1","30e9d84fc23034ccb0eabac97f9e8f05b18f4218585e308b703346c2cd768ceb","FOREWOMAN","74b1d05097f0f505","9","","","human-review-v1","","",""
"human-golden-queue-v1","30e9d84fc23034ccb0eabac97f9e8f05b18f4218585e308b703346c2cd768ceb","FORGETS","b4f5b83f493eaf2a","7","","","human-review-v1","","",""
"human-golden-queue-v1","30e9d84fc23034ccb0eabac97f9e8f05b18f4218585e308b703346c2cd768ceb","FORGIVING","9b4ae36bebc99d2e","9","","","human-review-v1","","",""
"human-golden-queue-v1","30e9d84fc23034ccb0eabac97f9e8f05b18f4218585e308b703346c2cd768ceb","FORMATIVE","491ca84e9dd0e541","9","","","human-review-v1","","",""
"human-golden-queue-v1","30e9d84fc23034ccb0eabac97f9e8f05b18f4218585e308b703346c2cd768ceb","FORTIFICATION","f3ad6adc177d13af","13","","","human-review-v1","","",""
"human-golden-queue-v1","30e9d84fc23034ccb0eabac97f9e8f05b18f4218585e308b703346c2cd768ceb","FR","0630e50da5fdab73","2","","","human-review-v1","","",""
"human-golden-queue-v1","30e9d84fc23034ccb0eabac97f9e8f05b18f4218585e308b703346c2cd768ceb","FRACTIONS","218985de278704a8","9","","","human-review-v1","","",""
"human-golden-queue-v1","30e9d84fc23034ccb0eabac97f9e8f05b18f4218585e308b703346c2cd768ceb","FRANKEST","a6ac57065675c8df","8","","","human-review-v1","","",""
"human-golden-queue-v1","30e9d84fc23034ccb0eabac97f9e8f05b18f4218585e308b703346c2cd768ceb","FRAUDSTERS","13df5b563894fabb","10","","","human-review-v1","","",""
"human-golden-queue-v1","30e9d84fc23034ccb0eabac97f9e8f05b18f4218585e308b703346c2cd768ceb","FRIARIES","632e4a2b37e92fa8","8","","","human-review-v1","","",""
"human-golden-queue-v1","30e9d84fc23034ccb0eabac97f9e8f05b18f4218585e308b703346c2cd768ceb","FRIG","759f650f90f38e2f","4","","","human-review-v1","","",""
"human-golden-queue-v1","30e9d84fc23034ccb0eabac97f9e8f05b18f4218585e308b703346c2cd768ceb","FRILLS","042131f24fe7169d","6","","","human-review-v1","","",""
"human-golden-queue-v1","30e9d84fc23034ccb0eabac97f9e8f05b18f4218585e308b703346c2cd768ceb","FRIZZES","a5012fd94242ac38","7","","","human-review-v1","","",""
"human-golden-queue-v1","30e9d84fc23034ccb0eabac97f9e8f05b18f4218585e308b703346c2cd768ceb","FRIZZIER","fedce1b4b8d93406","8","","","human-review-v1","","",""
"human-golden-queue-v1","30e9d84fc23034ccb0eabac97f9e8f05b18f4218585e308b703346c2cd768ceb","FROWNING","02bd86828b807bca","8","","","human-review-v1","","",""
"human-golden-queue-v1","30e9d84fc23034ccb0eabac97f9e8f05b18f4218585e308b703346c2cd768ceb","FRY","faa29ebe57f85bfb","3","","","human-review-v1","","",""
"human-golden-queue-v1","30e9d84fc23034ccb0eabac97f9e8f05b18f4218585e308b703346c2cd768ceb","FTC","7246a10f3c4190c4","3","","","human-review-v1","","",""
"human-golden-queue-v1","30e9d84fc23034ccb0eabac97f9e8f05b18f4218585e308b703346c2cd768ceb","FUM","0c42038e81cc06f0","3","","","human-review-v1","","",""
"human-golden-queue-v1","30e9d84fc23034ccb0eabac97f9e8f05b18f4218585e308b703346c2cd768ceb","FUMES","054c62f86c1dd6ec","5","","","human-review-v1","","",""
"human-golden-queue-v1","30e9d84fc23034ccb0eabac97f9e8f05b18f4218585e308b703346c2cd768ceb","FUMY","36f4cc8dd8afb433","4","","","human-review-v1","","",""
"human-golden-queue-v1","30e9d84fc23034ccb0eabac97f9e8f05b18f4218585e308b703346c2cd768ceb","FUNDERS","a3fc4a9bb94401d9","7","","","human-review-v1","","",""
"human-golden-queue-v1","30e9d84fc23034ccb0eabac97f9e8f05b18f4218585e308b703346c2cd768ceb","FURLED","553aafe7d03b37b4","6","","","human-review-v1","","",""
"human-golden-queue-v1","30e9d84fc23034ccb0eabac97f9e8f05b18f4218585e308b703346c2cd768ceb","FUROR","400f9bf958f02dac","5","","","human-review-v1","","",""
"human-golden-queue-v1","30e9d84fc23034ccb0eabac97f9e8f05b18f4218585e308b703346c2cd768ceb","FUTON","5c6bd7ce9ca5eb82","5","","","human-review-v1","","",""
"human-golden-queue-v1","30e9d84fc23034ccb0eabac97f9e8f05b18f4218585e308b703346c2cd768ceb","FUTONS","bff18328a30af0ad","6","","","human-review-v1","","",""
"human-golden-queue-v1","30e9d84fc23034ccb0eabac97f9e8f05b18f4218585e308b703346c2cd768ceb","GABFESTS","169a8e2946389a75","8","","","human-review-v1","","",""
"human-golden-queue-v1","30e9d84fc23034ccb0eabac97f9e8f05b18f4218585e308b703346c2cd768ceb","GAD","e8d506d7c6848ec7","3","","","human-review-v1","","",""
"human-golden-queue-v1","30e9d84fc23034ccb0eabac97f9e8f05b18f4218585e308b703346c2cd768ceb","GADFLY","74503b75478238cc","6","","","human-review-v1","","",""
"human-golden-queue-v1","30e9d84fc23034ccb0eabac97f9e8f05b18f4218585e308b703346c2cd768ceb","GANTLETS","a761dd1ccb5871ab","8","","","human-review-v1","","",""
"human-golden-queue-v1","30e9d84fc23034ccb0eabac97f9e8f05b18f4218585e308b703346c2cd768ceb","GAR","8609c5afcf4dcbb8","3","","","human-review-v1","","",""
"human-golden-queue-v1","30e9d84fc23034ccb0eabac97f9e8f05b18f4218585e308b703346c2cd768ceb","GARB","2e868c7d907e11bd","4","","","human-review-v1","","",""
"human-golden-queue-v1","30e9d84fc23034ccb0eabac97f9e8f05b18f4218585e308b703346c2cd768ceb","GARBAGEMAN","fb53b3de033b0873","10","","","human-review-v1","","",""
"human-golden-queue-v1","30e9d84fc23034ccb0eabac97f9e8f05b18f4218585e308b703346c2cd768ceb","GARGLES","525350d37dd95e1f","7","","","human-review-v1","","",""
"human-golden-queue-v1","30e9d84fc23034ccb0eabac97f9e8f05b18f4218585e308b703346c2cd768ceb","GARNISHES","974dff04c0f9794c","9","","","human-review-v1","","",""
"human-golden-queue-v1","30e9d84fc23034ccb0eabac97f9e8f05b18f4218585e308b703346c2cd768ceb","GARS","70ebda3f6f18e70e","4","","","human-review-v1","","",""
"human-golden-queue-v1","30e9d84fc23034ccb0eabac97f9e8f05b18f4218585e308b703346c2cd768ceb","GASBAG","05927eab71cb4a9a","6","","","human-review-v1","","",""
"human-golden-queue-v1","30e9d84fc23034ccb0eabac97f9e8f05b18f4218585e308b703346c2cd768ceb","GASHED","a764cec0b4e69730","6","","","human-review-v1","","",""
"human-golden-queue-v1","30e9d84fc23034ccb0eabac97f9e8f05b18f4218585e308b703346c2cd768ceb","GATEPOSTS","8669212a60fe1fff","9","","","human-review-v1","","",""
"human-golden-queue-v1","30e9d84fc23034ccb0eabac97f9e8f05b18f4218585e308b703346c2cd768ceb","GATT","567630fc78184c51","4","","","human-review-v1","","",""
"human-golden-queue-v1","30e9d84fc23034ccb0eabac97f9e8f05b18f4218585e308b703346c2cd768ceb","GAUCHO","c2daf1ac11d86bb6","6","","","human-review-v1","","",""
"human-golden-queue-v1","30e9d84fc23034ccb0eabac97f9e8f05b18f4218585e308b703346c2cd768ceb","GAUNTER","44bc2c8e72fefccd","7","","","human-review-v1","","",""
"human-golden-queue-v1","30e9d84fc23034ccb0eabac97f9e8f05b18f4218585e308b703346c2cd768ceb","GDP","dc8a0c8e56fff1ab","3","","","human-review-v1","","",""
"human-golden-queue-v1","30e9d84fc23034ccb0eabac97f9e8f05b18f4218585e308b703346c2cd768ceb","GEE","8fdccebbab3009ac","3","","","human-review-v1","","",""
"human-golden-queue-v1","30e9d84fc23034ccb0eabac97f9e8f05b18f4218585e308b703346c2cd768ceb","GEESE","63290ca7a47653a5","5","","","human-review-v1","","",""
"human-golden-queue-v1","30e9d84fc23034ccb0eabac97f9e8f05b18f4218585e308b703346c2cd768ceb","GEEZER","5637539e8a315f81","6","","","human-review-v1","","",""
"human-golden-queue-v1","30e9d84fc23034ccb0eabac97f9e8f05b18f4218585e308b703346c2cd768ceb","GEN","23d67c3e12a0c358","3","","","human-review-v1","","",""
"human-golden-queue-v1","30e9d84fc23034ccb0eabac97f9e8f05b18f4218585e308b703346c2cd768ceb","GENITALLY","bcf5a21744c3d819","9","","","human-review-v1","","",""
"human-golden-queue-v1","30e9d84fc23034ccb0eabac97f9e8f05b18f4218585e308b703346c2cd768ceb","GENOMES","655a7d8596d5d243","7","","","human-review-v1","","",""
"human-golden-queue-v1","30e9d84fc23034ccb0eabac97f9e8f05b18f4218585e308b703346c2cd768ceb","GHERKINS","c3a43e1e8b53dac6","8","","","human-review-v1","","",""
"human-golden-queue-v1","30e9d84fc23034ccb0eabac97f9e8f05b18f4218585e308b703346c2cd768ceb","GI","ec47144f97344716","2","","","human-review-v1","","",""
"human-golden-queue-v1","30e9d84fc23034ccb0eabac97f9e8f05b18f4218585e308b703346c2cd768ceb","GIDDIEST","f623c17ecac1fbba","8","","","human-review-v1","","",""
"human-golden-queue-v1","30e9d84fc23034ccb0eabac97f9e8f05b18f4218585e308b703346c2cd768ceb","GIGANTIC","ca31a46649a2744b","8","","","human-review-v1","","",""
"human-golden-queue-v1","30e9d84fc23034ccb0eabac97f9e8f05b18f4218585e308b703346c2cd768ceb","GIT","12f2ed50e8b32262","3","","","human-review-v1","","",""
"human-golden-queue-v1","30e9d84fc23034ccb0eabac97f9e8f05b18f4218585e308b703346c2cd768ceb","GLADIATORS","2a7fd7169a82b3ec","10","","","human-review-v1","","",""
"human-golden-queue-v1","30e9d84fc23034ccb0eabac97f9e8f05b18f4218585e308b703346c2cd768ceb","GLANS","935fc4143656b732","5","","","human-review-v1","","",""
"human-golden-queue-v1","30e9d84fc23034ccb0eabac97f9e8f05b18f4218585e308b703346c2cd768ceb","GLIMPSED","7bfa79d966dc1e87","8","","","human-review-v1","","",""
"human-golden-queue-v1","30e9d84fc23034ccb0eabac97f9e8f05b18f4218585e308b703346c2cd768ceb","GLINTS","49a2107c655842a2","6","","","human-review-v1","","",""
"human-golden-queue-v1","30e9d84fc23034ccb0eabac97f9e8f05b18f4218585e308b703346c2cd768ceb","GLUMMEST","8ed98e1d51eda00a","8","","","human-review-v1","","",""
"human-golden-queue-v1","30e9d84fc23034ccb0eabac97f9e8f05b18f4218585e308b703346c2cd768ceb","GLUTE","5651a66d9d64285f","5","","","human-review-v1","","",""
"human-golden-queue-v1","30e9d84fc23034ccb0eabac97f9e8f05b18f4218585e308b703346c2cd768ceb","GLUTINOUSLY","82208caa7e429e40","11","","","human-review-v1","","",""
"human-golden-queue-v1","30e9d84fc23034ccb0eabac97f9e8f05b18f4218585e308b703346c2cd768ceb","GNP","a052dbac4feda0e8","3","","","human-review-v1","","",""
"human-golden-queue-v1","30e9d84fc23034ccb0eabac97f9e8f05b18f4218585e308b703346c2cd768ceb","GNU","a007d1402d0fc058","3","","","human-review-v1","","",""
"human-golden-queue-v1","30e9d84fc23034ccb0eabac97f9e8f05b18f4218585e308b703346c2cd768ceb","GOA","7fec12a41c07c610","3","","","human-review-v1","","",""
"human-golden-queue-v1","30e9d84fc23034ccb0eabac97f9e8f05b18f4218585e308b703346c2cd768ceb","GOD","2247444390df28e3","3","","","human-review-v1","","",""
"human-golden-queue-v1","30e9d84fc23034ccb0eabac97f9e8f05b18f4218585e308b703346c2cd768ceb","GODSENDS","87652ab96f1249f2","8","","","human-review-v1","","",""
"human-golden-queue-v1","30e9d84fc23034ccb0eabac97f9e8f05b18f4218585e308b703346c2cd768ceb","GOLDING","5b0b6b04cdf26006","7","","","human-review-v1","","",""
"human-golden-queue-v1","30e9d84fc23034ccb0eabac97f9e8f05b18f4218585e308b703346c2cd768ceb","GOOFBALL","110fd00a6ad9c33a","8","","","human-review-v1","","",""
"human-golden-queue-v1","30e9d84fc23034ccb0eabac97f9e8f05b18f4218585e308b703346c2cd768ceb","GOT","62e69e15c856d97c","3","","","human-review-v1","","",""
"human-golden-queue-v1","30e9d84fc23034ccb0eabac97f9e8f05b18f4218585e308b703346c2cd768ceb","GOTHS","4ea1a3c3f45233d9","5","","","human-review-v1","","",""
"human-golden-queue-v1","30e9d84fc23034ccb0eabac97f9e8f05b18f4218585e308b703346c2cd768ceb","GOURMAND","e3532bcaab75f4d0","8","","","human-review-v1","","",""
"human-golden-queue-v1","30e9d84fc23034ccb0eabac97f9e8f05b18f4218585e308b703346c2cd768ceb","GP","2458ea8712d652aa","2","","","human-review-v1","","",""
"human-golden-queue-v1","30e9d84fc23034ccb0eabac97f9e8f05b18f4218585e308b703346c2cd768ceb","GPA","32765534638e0c4b","3","","","human-review-v1","","",""
"human-golden-queue-v1","30e9d84fc23034ccb0eabac97f9e8f05b18f4218585e308b703346c2cd768ceb","GPO","027021f6105a6bf1","3","","","human-review-v1","","",""
"human-golden-queue-v1","30e9d84fc23034ccb0eabac97f9e8f05b18f4218585e308b703346c2cd768ceb","GRAN","2b9554dd0d5b9fa9","4","","","human-review-v1","","",""
"human-golden-queue-v1","30e9d84fc23034ccb0eabac97f9e8f05b18f4218585e308b703346c2cd768ceb","GRANDDAD","ed1e7831d77fcc12","8","","","human-review-v1","","",""
"human-golden-queue-v1","30e9d84fc23034ccb0eabac97f9e8f05b18f4218585e308b703346c2cd768ceb","GRANDUNCLES","d3905b648de6b9f2","11","","","human-review-v1","","",""
"human-golden-queue-v1","30e9d84fc23034ccb0eabac97f9e8f05b18f4218585e308b703346c2cd768ceb","GRAPEFRUIT","ac3041a821e9c87f","10","","","human-review-v1","","",""
"human-golden-queue-v1","30e9d84fc23034ccb0eabac97f9e8f05b18f4218585e308b703346c2cd768ceb","GRAVE","633148e29c06863c","5","","","human-review-v1","","",""
"human-golden-queue-v1","30e9d84fc23034ccb0eabac97f9e8f05b18f4218585e308b703346c2cd768ceb","GRAVY","c6941518b6b4d816","5","","","human-review-v1","","",""
"human-golden-queue-v1","30e9d84fc23034ccb0eabac97f9e8f05b18f4218585e308b703346c2cd768ceb","GRENADIANS","b8713428c572898b","10","","","human-review-v1","","",""
"human-golden-queue-v1","30e9d84fc23034ccb0eabac97f9e8f05b18f4218585e308b703346c2cd768ceb","GRIBBLES","f32a709fb9e3540f","8","","","human-review-v1","","",""
"human-golden-queue-v1","30e9d84fc23034ccb0eabac97f9e8f05b18f4218585e308b703346c2cd768ceb","GRILL","d36524d5ddf3f54b","5","","","human-review-v1","","",""
"human-golden-queue-v1","30e9d84fc23034ccb0eabac97f9e8f05b18f4218585e308b703346c2cd768ceb","GRIMES","830f71c3f4d6ef82","6","","","human-review-v1","","",""
"human-golden-queue-v1","30e9d84fc23034ccb0eabac97f9e8f05b18f4218585e308b703346c2cd768ceb","GRIPED","0a43db4b47ba3635","6","","","human-review-v1","","",""
"human-golden-queue-v1","30e9d84fc23034ccb0eabac97f9e8f05b18f4218585e308b703346c2cd768ceb","GROOMED","06b8c13e293bcb7b","7","","","human-review-v1","","",""
"human-golden-queue-v1","30e9d84fc23034ccb0eabac97f9e8f05b18f4218585e308b703346c2cd768ceb","GROUNDBREAKING","cbbb59826cd0d28c","14","","","human-review-v1","","",""
"human-golden-queue-v1","30e9d84fc23034ccb0eabac97f9e8f05b18f4218585e308b703346c2cd768ceb","GROUNDHOGS","ff1ac43dc99d7e8d","10","","","human-review-v1","","",""
"human-golden-queue-v1","30e9d84fc23034ccb0eabac97f9e8f05b18f4218585e308b703346c2cd768ceb","GROUNDWORK","d4afe89fade0a9e6","10","","","human-review-v1","","",""
"human-golden-queue-v1","30e9d84fc23034ccb0eabac97f9e8f05b18f4218585e308b703346c2cd768ceb","GROVES","6166254f4185634c","6","","","human-review-v1","","",""
"human-golden-queue-v1","30e9d84fc23034ccb0eabac97f9e8f05b18f4218585e308b703346c2cd768ceb","GROWLER","d95c5858745d5e5b","7","","","human-review-v1","","",""
"human-golden-queue-v1","30e9d84fc23034ccb0eabac97f9e8f05b18f4218585e308b703346c2cd768ceb","GRUBBILY","cc4fb71a153335e3","8","","","human-review-v1","","",""
"human-golden-queue-v1","30e9d84fc23034ccb0eabac97f9e8f05b18f4218585e308b703346c2cd768ceb","GSA","1fa02c857ec1f0b6","3","","","human-review-v1","","",""
"human-golden-queue-v1","30e9d84fc23034ccb0eabac97f9e8f05b18f4218585e308b703346c2cd768ceb","GUINEAN","86e57c56cbb02d81","7","","","human-review-v1","","",""
"human-golden-queue-v1","30e9d84fc23034ccb0eabac97f9e8f05b18f4218585e308b703346c2cd768ceb","GUNSHOT","bd5f749585ccdc24","7","","","human-review-v1","","",""
"human-golden-queue-v1","30e9d84fc23034ccb0eabac97f9e8f05b18f4218585e308b703346c2cd768ceb","GUPPIES","37fbcea73ddf58fa","7","","","human-review-v1","","",""
"human-golden-queue-v1","30e9d84fc23034ccb0eabac97f9e8f05b18f4218585e308b703346c2cd768ceb","GYP","2e9b0b111c58e12d","3","","","human-review-v1","","",""
"human-golden-queue-v1","30e9d84fc23034ccb0eabac97f9e8f05b18f4218585e308b703346c2cd768ceb","HAG","722082bf9e916d8f","3","","","human-review-v1","","",""
"human-golden-queue-v1","30e9d84fc23034ccb0eabac97f9e8f05b18f4218585e308b703346c2cd768ceb","HAGIOGRAPHERS","11ff7fe91a66b418","13","","","human-review-v1","","",""
"human-golden-queue-v1","30e9d84fc23034ccb0eabac97f9e8f05b18f4218585e308b703346c2cd768ceb","HALLOO","60d9b877d66b751e","6","","","human-review-v1","","",""
"human-golden-queue-v1","30e9d84fc23034ccb0eabac97f9e8f05b18f4218585e308b703346c2cd768ceb","HALLOWED","a27e330a6997a4fd","8","","","human-review-v1","","",""
"human-golden-queue-v1","30e9d84fc23034ccb0eabac97f9e8f05b18f4218585e308b703346c2cd768ceb","HALTERING","5c7c5a14b8bbf6da","9","","","human-review-v1","","",""
"human-golden-queue-v1","30e9d84fc23034ccb0eabac97f9e8f05b18f4218585e308b703346c2cd768ceb","HAMMERTOES","1e42e2cf6ba3eb4c","10","","","human-review-v1","","",""
"human-golden-queue-v1","30e9d84fc23034ccb0eabac97f9e8f05b18f4218585e308b703346c2cd768ceb","HAN","6e65d37fc4026db2","3","","","human-review-v1","","",""
"human-golden-queue-v1","30e9d84fc23034ccb0eabac97f9e8f05b18f4218585e308b703346c2cd768ceb","HANDSOMELY","a2cd3f957886fd27","10","","","human-review-v1","","",""
"human-golden-queue-v1","30e9d84fc23034ccb0eabac97f9e8f05b18f4218585e308b703346c2cd768ceb","HANKERED","85b8321775cb2b37","8","","","human-review-v1","","",""
"human-golden-queue-v1","30e9d84fc23034ccb0eabac97f9e8f05b18f4218585e308b703346c2cd768ceb","HAP","b816b2d4a63e36d4","3","","","human-review-v1","","",""
"human-golden-queue-v1","30e9d84fc23034ccb0eabac97f9e8f05b18f4218585e308b703346c2cd768ceb","HARDHEADEDNESS","bfa4b3a616d2188a","14","","","human-review-v1","","",""
"human-golden-queue-v1","30e9d84fc23034ccb0eabac97f9e8f05b18f4218585e308b703346c2cd768ceb","HARPOONING","b3a73d83a974b2dc","10","","","human-review-v1","","",""
"human-golden-queue-v1","30e9d84fc23034ccb0eabac97f9e8f05b18f4218585e308b703346c2cd768ceb","HATBAND","67a0a1ee13749429","7","","","human-review-v1","","",""
"human-golden-queue-v1","30e9d84fc23034ccb0eabac97f9e8f05b18f4218585e308b703346c2cd768ceb","HATCHWAY","587d866a13a1e11f","8","","","human-review-v1","","",""
"human-golden-queue-v1","30e9d84fc23034ccb0eabac97f9e8f05b18f4218585e308b703346c2cd768ceb","HEADGEAR","ca5eb4424e5d8260","8","","","human-review-v1","","",""
"human-golden-queue-v1","30e9d84fc23034ccb0eabac97f9e8f05b18f4218585e308b703346c2cd768ceb","HEADSTAND","9509c516758a9389","9","","","human-review-v1","","",""
"human-golden-queue-v1","30e9d84fc23034ccb0eabac97f9e8f05b18f4218585e308b703346c2cd768ceb","HEATHEN","05977cf38d520917","7","","","human-review-v1","","",""
"human-golden-queue-v1","30e9d84fc23034ccb0eabac97f9e8f05b18f4218585e308b703346c2cd768ceb","HEBRIDES","4cec673b4a55bd91","8","","","human-review-v1","","",""
"human-golden-queue-v1","30e9d84fc23034ccb0eabac97f9e8f05b18f4218585e308b703346c2cd768ceb","HECKLERS","b03fe3ff7ee8acce","8","","","human-review-v1","","",""
"human-golden-queue-v1","30e9d84fc23034ccb0eabac97f9e8f05b18f4218585e308b703346c2cd768ceb","HEEDFULLY","9a92dd270eafd654","9","","","human-review-v1","","",""
"human-golden-queue-v1","30e9d84fc23034ccb0eabac97f9e8f05b18f4218585e308b703346c2cd768ceb","HEIGHTEN","408a3e2f158e4894","8","","","human-review-v1","","",""
"human-golden-queue-v1","30e9d84fc23034ccb0eabac97f9e8f05b18f4218585e308b703346c2cd768ceb","HELD","a0de704525863d6d","4","","","human-review-v1","","",""
"human-golden-queue-v1","30e9d84fc23034ccb0eabac97f9e8f05b18f4218585e308b703346c2cd768ceb","HELPERS","1f12593f83bee466","7","","","human-review-v1","","",""
"human-golden-queue-v1","30e9d84fc23034ccb0eabac97f9e8f05b18f4218585e308b703346c2cd768ceb","HEM","132dfa9f07dad008","3","","","human-review-v1","","",""
"human-golden-queue-v1","30e9d84fc23034ccb0eabac97f9e8f05b18f4218585e308b703346c2cd768ceb","HENCEFORWARD","d1be44236690ef69","12","","","human-review-v1","","",""
"human-golden-queue-v1","30e9d84fc23034ccb0eabac97f9e8f05b18f4218585e308b703346c2cd768ceb","HENNAING","50169bf96dc8cbde","8","","","human-review-v1","","",""
"human-golden-queue-v1","30e9d84fc23034ccb0eabac97f9e8f05b18f4218585e308b703346c2cd768ceb","HEP","04bd965b53e0698f","3","","","human-review-v1","","",""
"human-golden-queue-v1","30e9d84fc23034ccb0eabac97f9e8f05b18f4218585e308b703346c2cd768ceb","HER","b257918a4f4dc18e","3","","","human-review-v1","","",""
"human-golden-queue-v1","30e9d84fc23034ccb0eabac97f9e8f05b18f4218585e308b703346c2cd768ceb","HEURISTICS","ecdda49de6a6be8e","10","","","human-review-v1","","",""
"human-golden-queue-v1","30e9d84fc23034ccb0eabac97f9e8f05b18f4218585e308b703346c2cd768ceb","HEX","5988fc4d4f91598e","3","","","human-review-v1","","",""
"human-golden-queue-v1","30e9d84fc23034ccb0eabac97f9e8f05b18f4218585e308b703346c2cd768ceb","HICCOUGHED","f6178e3ad41eac48","10","","","human-review-v1","","",""
"human-golden-queue-v1","30e9d84fc23034ccb0eabac97f9e8f05b18f4218585e308b703346c2cd768ceb","HICCOUGHS","befb105be92a6696","9","","","human-review-v1","","",""
"human-golden-queue-v1","30e9d84fc23034ccb0eabac97f9e8f05b18f4218585e308b703346c2cd768ceb","HIDER","d3305779bed4eac9","5","","","human-review-v1","","",""
"human-golden-queue-v1","30e9d84fc23034ccb0eabac97f9e8f05b18f4218585e308b703346c2cd768ceb","HIDINGS","474f54f0e8bd0e27","7","","","human-review-v1","","",""
"human-golden-queue-v1","30e9d84fc23034ccb0eabac97f9e8f05b18f4218585e308b703346c2cd768ceb","HIE","5eaf4800a3030777","3","","","human-review-v1","","",""
"human-golden-queue-v1","30e9d84fc23034ccb0eabac97f9e8f05b18f4218585e308b703346c2cd768ceb","HILARIOUSLY","3beeac5349233f7d","11","","","human-review-v1","","",""
"human-golden-queue-v1","30e9d84fc23034ccb0eabac97f9e8f05b18f4218585e308b703346c2cd768ceb","HILARIOUSNESS","52345883261a2e76","13","","","human-review-v1","","",""
"human-golden-queue-v1","30e9d84fc23034ccb0eabac97f9e8f05b18f4218585e308b703346c2cd768ceb","HIND","e16dc21d7fcd11cc","4","","","human-review-v1","","",""
"human-golden-queue-v1","30e9d84fc23034ccb0eabac97f9e8f05b18f4218585e308b703346c2cd768ceb","HINTS","09cd46c0d532a6b8","5","","","human-review-v1","","",""
"human-golden-queue-v1","30e9d84fc23034ccb0eabac97f9e8f05b18f4218585e308b703346c2cd768ceb","HIP","55fbe9f87333e8a7","3","","","human-review-v1","","",""
"human-golden-queue-v1","30e9d84fc23034ccb0eabac97f9e8f05b18f4218585e308b703346c2cd768ceb","HIS","65308faad1c0ce20","3","","","human-review-v1","","",""
"human-golden-queue-v1","30e9d84fc23034ccb0eabac97f9e8f05b18f4218585e308b703346c2cd768ceb","HIST","a29c42e3f0c01c93","4","","","human-review-v1","","",""
"human-golden-queue-v1","30e9d84fc23034ccb0eabac97f9e8f05b18f4218585e308b703346c2cd768ceb","HIT","f55e0c4521707cdc","3","","","human-review-v1","","",""
"human-golden-queue-v1","30e9d84fc23034ccb0eabac97f9e8f05b18f4218585e308b703346c2cd768ceb","HITCHER","30ed5f456280abf4","7","","","human-review-v1","","",""
"human-golden-queue-v1","30e9d84fc23034ccb0eabac97f9e8f05b18f4218585e308b703346c2cd768ceb","HIV","9fe22dba7e30e6b3","3","","","human-review-v1","","",""
"human-golden-queue-v1","30e9d84fc23034ccb0eabac97f9e8f05b18f4218585e308b703346c2cd768ceb","HMO","5eeefe879c7daeda","3","","","human-review-v1","","",""
"human-golden-queue-v1","30e9d84fc23034ccb0eabac97f9e8f05b18f4218585e308b703346c2cd768ceb","HOARIER","abc49f45af1d8c65","7","","","human-review-v1","","",""
"human-golden-queue-v1","30e9d84fc23034ccb0eabac97f9e8f05b18f4218585e308b703346c2cd768ceb","HOARSE","233cad81679b8670","6","","","human-review-v1","","",""
"human-golden-queue-v1","30e9d84fc23034ccb0eabac97f9e8f05b18f4218585e308b703346c2cd768ceb","HOB","8a3e9b0406790a44","3","","","human-review-v1","","",""
"human-golden-queue-v1","30e9d84fc23034ccb0eabac97f9e8f05b18f4218585e308b703346c2cd768ceb","HOD","2a99154a831f14b2","3","","","human-review-v1","","",""
"human-golden-queue-v1","30e9d84fc23034ccb0eabac97f9e8f05b18f4218585e308b703346c2cd768ceb","HOER","1c91cfa6b2ef8778","4","","","human-review-v1","","",""
"human-golden-queue-v1","30e9d84fc23034ccb0eabac97f9e8f05b18f4218585e308b703346c2cd768ceb","HOLEY","ca854c99cfe4c930","5","","","human-review-v1","","",""
"human-golden-queue-v1","30e9d84fc23034ccb0eabac97f9e8f05b18f4218585e308b703346c2cd768ceb","HOMERING","877888a17d2ff062","8","","","human-review-v1","","",""
"human-golden-queue-v1","30e9d84fc23034ccb0eabac97f9e8f05b18f4218585e308b703346c2cd768ceb","HONORIFICS","67a0717defb2542a","10","","","human-review-v1","","",""
"human-golden-queue-v1","30e9d84fc23034ccb0eabac97f9e8f05b18f4218585e308b703346c2cd768ceb","HOOVER","e9e8fd051b9e6058","6","","","human-review-v1","","",""
"human-golden-queue-v1","30e9d84fc23034ccb0eabac97f9e8f05b18f4218585e308b703346c2cd768ceb","HORA","5f9017efdeb0275c","4","","","human-review-v1","","",""
"human-golden-queue-v1","30e9d84fc23034ccb0eabac97f9e8f05b18f4218585e308b703346c2cd768ceb","HORN","ff9b1067d05dbab3","4","","","human-review-v1","","",""
"human-golden-queue-v1","30e9d84fc23034ccb0eabac97f9e8f05b18f4218585e308b703346c2cd768ceb","HORNBLENDE","f36428ba84173fe3","10","","","human-review-v1","","",""
"human-golden-queue-v1","30e9d84fc23034ccb0eabac97f9e8f05b18f4218585e308b703346c2cd768ceb","HORNLIKE","bb34046e2286bb48","8","","","human-review-v1","","",""
"human-golden-queue-v1","30e9d84fc23034ccb0eabac97f9e8f05b18f4218585e308b703346c2cd768ceb","HORSIER","a058689696080704","7","","","human-review-v1","","",""
"human-golden-queue-v1","30e9d84fc23034ccb0eabac97f9e8f05b18f4218585e308b703346c2cd768ceb","HOS","ac3d1a436f192b88","3","","","human-review-v1","","",""
"human-golden-queue-v1","30e9d84fc23034ccb0eabac97f9e8f05b18f4218585e308b703346c2cd768ceb","HOSTA","00a61a6f8e138d9e","5","","","human-review-v1","","",""
"human-golden-queue-v1","30e9d84fc23034ccb0eabac97f9e8f05b18f4218585e308b703346c2cd768ceb","HOSTILELY","079b6b4516a44e94","9","","","human-review-v1","","",""
"human-golden-queue-v1","30e9d84fc23034ccb0eabac97f9e8f05b18f4218585e308b703346c2cd768ceb","HOT","ef715353a4bc9ee2","3","","","human-review-v1","","",""
"human-golden-queue-v1","30e9d84fc23034ccb0eabac97f9e8f05b18f4218585e308b703346c2cd768ceb","HOTFOOTING","381e1e0d73618c87","10","","","human-review-v1","","",""
"human-golden-queue-v1","30e9d84fc23034ccb0eabac97f9e8f05b18f4218585e308b703346c2cd768ceb","HOUSECLEANING","52945fc676377bb5","13","","","human-review-v1","","",""
"human-golden-queue-v1","30e9d84fc23034ccb0eabac97f9e8f05b18f4218585e308b703346c2cd768ceb","HOUSEMOTHERS","8eec4e66f0fbeb2a","12","","","human-review-v1","","",""
"human-golden-queue-v1","30e9d84fc23034ccb0eabac97f9e8f05b18f4218585e308b703346c2cd768ceb","HOW","f21db6a6aeae84ca","3","","","human-review-v1","","",""
"human-golden-queue-v1","30e9d84fc23034ccb0eabac97f9e8f05b18f4218585e308b703346c2cd768ceb","HOYDENS","c4716fe99f66633a","7","","","human-review-v1","","",""
"human-golden-queue-v1","30e9d84fc23034ccb0eabac97f9e8f05b18f4218585e308b703346c2cd768ceb","HUD","82d2dbbef1e5414b","3","","","human-review-v1","","",""
"human-golden-queue-v1","30e9d84fc23034ccb0eabac97f9e8f05b18f4218585e308b703346c2cd768ceb","HUI","5c6905f6b6eed116","3","","","human-review-v1","","",""
"human-golden-queue-v1","30e9d84fc23034ccb0eabac97f9e8f05b18f4218585e308b703346c2cd768ceb","HUM","5fbfae0daad81c75","3","","","human-review-v1","","",""
"human-golden-queue-v1","30e9d84fc23034ccb0eabac97f9e8f05b18f4218585e308b703346c2cd768ceb","HUMANLIKE","50b25a91b4a4d3f7","9","","","human-review-v1","","",""
"human-golden-queue-v1","30e9d84fc23034ccb0eabac97f9e8f05b18f4218585e308b703346c2cd768ceb","HUMILIATE","84563de0eb9595d3","9","","","human-review-v1","","",""
"human-golden-queue-v1","30e9d84fc23034ccb0eabac97f9e8f05b18f4218585e308b703346c2cd768ceb","HUN","0fcd3bfb51c746c2","3","","","human-review-v1","","",""
"human-golden-queue-v1","30e9d84fc23034ccb0eabac97f9e8f05b18f4218585e308b703346c2cd768ceb","HYADES","6985bfe38531b0ac","6","","","human-review-v1","","",""
"human-golden-queue-v1","30e9d84fc23034ccb0eabac97f9e8f05b18f4218585e308b703346c2cd768ceb","HYPERMARKETS","9c87a906a1498515","12","","","human-review-v1","","",""
"human-golden-queue-v1","30e9d84fc23034ccb0eabac97f9e8f05b18f4218585e308b703346c2cd768ceb","HYPHENATED","fe8d905e4d2b7e92","10","","","human-review-v1","","",""
"human-golden-queue-v1","30e9d84fc23034ccb0eabac97f9e8f05b18f4218585e308b703346c2cd768ceb","HYPNOTIZING","554fed1851738f57","11","","","human-review-v1","","",""
"human-golden-queue-v1","30e9d84fc23034ccb0eabac97f9e8f05b18f4218585e308b703346c2cd768ceb","HYPOCRITICAL","7c8f1a0ac98f85bc","12","","","human-review-v1","","",""
"human-golden-queue-v1","30e9d84fc23034ccb0eabac97f9e8f05b18f4218585e308b703346c2cd768ceb","IBO","cfb8dfecc5178b12","3","","","human-review-v1","","",""
"human-golden-queue-v1","30e9d84fc23034ccb0eabac97f9e8f05b18f4218585e308b703346c2cd768ceb","ICC","e862b6f3aa1ad3c5","3","","","human-review-v1","","",""
"human-golden-queue-v1","30e9d84fc23034ccb0eabac97f9e8f05b18f4218585e308b703346c2cd768ceb","ICTUS","350054b2e2120804","5","","","human-review-v1","","",""
"human-golden-queue-v1","30e9d84fc23034ccb0eabac97f9e8f05b18f4218585e308b703346c2cd768ceb","ICU","466a456e6a012d6a","3","","","human-review-v1","","",""
"human-golden-queue-v1","30e9d84fc23034ccb0eabac97f9e8f05b18f4218585e308b703346c2cd768ceb","IDEA","de05e6f8a330a214","4","","","human-review-v1","","",""
"human-golden-queue-v1","30e9d84fc23034ccb0eabac97f9e8f05b18f4218585e308b703346c2cd768ceb","IDIOSYNCRASY","e1b9ed6a5df46ee0","12","","","human-review-v1","","",""
"human-golden-queue-v1","30e9d84fc23034ccb0eabac97f9e8f05b18f4218585e308b703346c2cd768ceb","IED","165678408d9f51aa","3","","","human-review-v1","","",""
"human-golden-queue-v1","30e9d84fc23034ccb0eabac97f9e8f05b18f4218585e308b703346c2cd768ceb","ILLICITNESS","709774bc6c4a4233","11","","","human-review-v1","","",""
"human-golden-queue-v1","30e9d84fc23034ccb0eabac97f9e8f05b18f4218585e308b703346c2cd768ceb","ILLITERATE","948e5e2314ebca03","10","","","human-review-v1","","",""
"human-golden-queue-v1","30e9d84fc23034ccb0eabac97f9e8f05b18f4218585e308b703346c2cd768ceb","IMAGED","1e0ed373eb2559f8","6","","","human-review-v1","","",""
"human-golden-queue-v1","30e9d84fc23034ccb0eabac97f9e8f05b18f4218585e308b703346c2cd768ceb","IMAGINAL","bf29a02c052277f3","8","","","human-review-v1","","",""
"human-golden-queue-v1","30e9d84fc23034ccb0eabac97f9e8f05b18f4218585e308b703346c2cd768ceb","IMAGININGS","f90113cb4fd1677f","10","","","human-review-v1","","",""
"human-golden-queue-v1","30e9d84fc23034ccb0eabac97f9e8f05b18f4218585e308b703346c2cd768ceb","IMF","0f6ab6dae47e4a4d","3","","","human-review-v1","","",""
"human-golden-queue-v1","30e9d84fc23034ccb0eabac97f9e8f05b18f4218585e308b703346c2cd768ceb","IMMENSITY","f5f65d2806ff3549","9","","","human-review-v1","","",""
"human-golden-queue-v1","30e9d84fc23034ccb0eabac97f9e8f05b18f4218585e308b703346c2cd768ceb","IMMUNOGLOBULIN","ccd89a70540f7b4e","14","","","human-review-v1","","",""
"human-golden-queue-v1","30e9d84fc23034ccb0eabac97f9e8f05b18f4218585e308b703346c2cd768ceb","IMPALA","539a3f638a708c53","6","","","human-review-v1","","",""
"human-golden-queue-v1","30e9d84fc23034ccb0eabac97f9e8f05b18f4218585e308b703346c2cd768ceb","IMPENETRABILITY","af7e55b7419af21b","15","","","human-review-v1","","",""
"human-golden-queue-v1","30e9d84fc23034ccb0eabac97f9e8f05b18f4218585e308b703346c2cd768ceb","IMPLORINGLY","778be3769b5d2377","11","","","human-review-v1","","",""
"human-golden-queue-v1","30e9d84fc23034ccb0eabac97f9e8f05b18f4218585e308b703346c2cd768ceb","IMPORTUNING","2be46a3bb1551d0b","11","","","human-review-v1","","",""
"human-golden-queue-v1","30e9d84fc23034ccb0eabac97f9e8f05b18f4218585e308b703346c2cd768ceb","INATTENTIVELY","9dd61e80e8779e2d","13","","","human-review-v1","","",""
"human-golden-queue-v1","30e9d84fc23034ccb0eabac97f9e8f05b18f4218585e308b703346c2cd768ceb","INC","2ee1a2ac9353a63f","3","","","human-review-v1","","",""
"human-golden-queue-v1","30e9d84fc23034ccb0eabac97f9e8f05b18f4218585e308b703346c2cd768ceb","INCEPTION","2b9f0dd7556f6cf3","9","","","human-review-v1","","",""
"human-golden-queue-v1","30e9d84fc23034ccb0eabac97f9e8f05b18f4218585e308b703346c2cd768ceb","INCISION","da663993e01ee271","8","","","human-review-v1","","",""
"human-golden-queue-v1","30e9d84fc23034ccb0eabac97f9e8f05b18f4218585e308b703346c2cd768ceb","INCITERS","f7f2b0bdfe72ddc7","8","","","human-review-v1","","",""
"human-golden-queue-v1","30e9d84fc23034ccb0eabac97f9e8f05b18f4218585e308b703346c2cd768ceb","INCOMPLETE","988b15abcace06f3","10","","","human-review-v1","","",""
"human-golden-queue-v1","30e9d84fc23034ccb0eabac97f9e8f05b18f4218585e308b703346c2cd768ceb","INCONGRUITY","cf9992837165f30e","11","","","human-review-v1","","",""
"human-golden-queue-v1","30e9d84fc23034ccb0eabac97f9e8f05b18f4218585e308b703346c2cd768ceb","INCONSTANTLY","da56dfd647819499","12","","","human-review-v1","","",""
"human-golden-queue-v1","30e9d84fc23034ccb0eabac97f9e8f05b18f4218585e308b703346c2cd768ceb","INCURABLY","995ebeb985c7ea25","9","","","human-review-v1","","",""
"human-golden-queue-v1","30e9d84fc23034ccb0eabac97f9e8f05b18f4218585e308b703346c2cd768ceb","INDEBTED","70b676f52c69228d","8","","","human-review-v1","","",""
"human-golden-queue-v1","30e9d84fc23034ccb0eabac97f9e8f05b18f4218585e308b703346c2cd768ceb","INDELICACIES","e65e6f555412eec8","12","","","human-review-v1","","",""
"human-golden-queue-v1","30e9d84fc23034ccb0eabac97f9e8f05b18f4218585e308b703346c2cd768ceb","INDEMONSTRABLE","00af34357005db16","14","","","human-review-v1","","",""
"human-golden-queue-v1","30e9d84fc23034ccb0eabac97f9e8f05b18f4218585e308b703346c2cd768ceb","INDENTURED","58a7121e2da6af07","10","","","human-review-v1","","",""
"human-golden-queue-v1","30e9d84fc23034ccb0eabac97f9e8f05b18f4218585e308b703346c2cd768ceb","INDEXING","452d8124fdfad2c5","8","","","human-review-v1","","",""
"human-golden-queue-v1","30e9d84fc23034ccb0eabac97f9e8f05b18f4218585e308b703346c2cd768ceb","INDIGNANTLY","5b46e7a9317b02d9","11","","","human-review-v1","","",""
"human-golden-queue-v1","30e9d84fc23034ccb0eabac97f9e8f05b18f4218585e308b703346c2cd768ceb","INDIVIDUALIZED","97daf79480c99aa8","14","","","human-review-v1","","",""
"human-golden-queue-v1","30e9d84fc23034ccb0eabac97f9e8f05b18f4218585e308b703346c2cd768ceb","INDUCTION","d208d2a328f16701","9","","","human-review-v1","","",""
"human-golden-queue-v1","30e9d84fc23034ccb0eabac97f9e8f05b18f4218585e308b703346c2cd768ceb","INDULGED","a525bb7c5918e885","8","","","human-review-v1","","",""
"human-golden-queue-v1","30e9d84fc23034ccb0eabac97f9e8f05b18f4218585e308b703346c2cd768ceb","INDUSTRIALS","faf22c758ef805fc","11","","","human-review-v1","","",""
"human-golden-queue-v1","30e9d84fc23034ccb0eabac97f9e8f05b18f4218585e308b703346c2cd768ceb","INFERENCES","baa8ec59e91157d4","10","","","human-review-v1","","",""
"human-golden-queue-v1","30e9d84fc23034ccb0eabac97f9e8f05b18f4218585e308b703346c2cd768ceb","INFLAMMATION","3c0dc4cab3ee0bd1","12","","","human-review-v1","","",""
"human-golden-queue-v1","30e9d84fc23034ccb0eabac97f9e8f05b18f4218585e308b703346c2cd768ceb","INHERES","dd3525adf2f13035","7","","","human-review-v1","","",""
"human-golden-queue-v1","30e9d84fc23034ccb0eabac97f9e8f05b18f4218585e308b703346c2cd768ceb","INITIALIZATION","9fb7d9fd6588d47c","14","","","human-review-v1","","",""
"human-golden-queue-v1","30e9d84fc23034ccb0eabac97f9e8f05b18f4218585e308b703346c2cd768ceb","INJECT","da224262de273894","6","","","human-review-v1","","",""
"human-golden-queue-v1","30e9d84fc23034ccb0eabac97f9e8f05b18f4218585e308b703346c2cd768ceb","INKBLOT","416feaa7e45d7cad","7","","","human-review-v1","","",""
"human-golden-queue-v1","30e9d84fc23034ccb0eabac97f9e8f05b18f4218585e308b703346c2cd768ceb","INNIT","d92ad968cc401f21","5","","","human-review-v1","","",""
"human-golden-queue-v1","30e9d84fc23034ccb0eabac97f9e8f05b18f4218585e308b703346c2cd768ceb","INQUISITIVENESS","b9556bbe90ae064d","15","","","human-review-v1","","",""
"human-golden-queue-v1","30e9d84fc23034ccb0eabac97f9e8f05b18f4218585e308b703346c2cd768ceb","INS","96ce6b263a4914f5","3","","","human-review-v1","","",""
"human-golden-queue-v1","30e9d84fc23034ccb0eabac97f9e8f05b18f4218585e308b703346c2cd768ceb","INSENTIENCE","5ee728c597c48340","11","","","human-review-v1","","",""
"human-golden-queue-v1","30e9d84fc23034ccb0eabac97f9e8f05b18f4218585e308b703346c2cd768ceb","INSEPARABLE","154df12f7ae9806f","11","","","human-review-v1","","",""
"human-golden-queue-v1","30e9d84fc23034ccb0eabac97f9e8f05b18f4218585e308b703346c2cd768ceb","INSINCERE","d266a2bcc7f775c9","9","","","human-review-v1","","",""
"human-golden-queue-v1","30e9d84fc23034ccb0eabac97f9e8f05b18f4218585e308b703346c2cd768ceb","INSPIRITED","ec79806e293628aa","10","","","human-review-v1","","",""
"human-golden-queue-v1","30e9d84fc23034ccb0eabac97f9e8f05b18f4218585e308b703346c2cd768ceb","INSTALLS","6232150add6fdd63","8","","","human-review-v1","","",""
"human-golden-queue-v1","30e9d84fc23034ccb0eabac97f9e8f05b18f4218585e308b703346c2cd768ceb","INSTILLS","65e2290fd3d9ccd8","8","","","human-review-v1","","",""
"human-golden-queue-v1","30e9d84fc23034ccb0eabac97f9e8f05b18f4218585e308b703346c2cd768ceb","INSTITUTIONALIZE","3991152034bf1f8e","16","","","human-review-v1","","",""
"human-golden-queue-v1","30e9d84fc23034ccb0eabac97f9e8f05b18f4218585e308b703346c2cd768ceb","INSUFFICIENTLY","2d99051ace4294fe","14","","","human-review-v1","","",""
"human-golden-queue-v1","30e9d84fc23034ccb0eabac97f9e8f05b18f4218585e308b703346c2cd768ceb","INSULA","3fb775f87ff2c286","6","","","human-review-v1","","",""
"human-golden-queue-v1","30e9d84fc23034ccb0eabac97f9e8f05b18f4218585e308b703346c2cd768ceb","INTERCEPT","18a22e678407b83d","9","","","human-review-v1","","",""
"human-golden-queue-v1","30e9d84fc23034ccb0eabac97f9e8f05b18f4218585e308b703346c2cd768ceb","INTERLINE","3a2c7638571bf307","9","","","human-review-v1","","",""
"human-golden-queue-v1","30e9d84fc23034ccb0eabac97f9e8f05b18f4218585e308b703346c2cd768ceb","INTERLOPING","c6d7cf191c3de8a4","11","","","human-review-v1","","",""
"human-golden-queue-v1","30e9d84fc23034ccb0eabac97f9e8f05b18f4218585e308b703346c2cd768ceb","INTERRUPTION","64240761e59dfb1a","12","","","human-review-v1","","",""
"human-golden-queue-v1","30e9d84fc23034ccb0eabac97f9e8f05b18f4218585e308b703346c2cd768ceb","INTERWAR","273e10f89a1dcf28","8","","","human-review-v1","","",""
"human-golden-queue-v1","30e9d84fc23034ccb0eabac97f9e8f05b18f4218585e308b703346c2cd768ceb","INVALIDATED","7cd37642531f4ac8","11","","","human-review-v1","","",""
"human-golden-queue-v1","30e9d84fc23034ccb0eabac97f9e8f05b18f4218585e308b703346c2cd768ceb","INVALIDLY","cd3672b6557ea151","9","","","human-review-v1","","",""
"human-golden-queue-v1","30e9d84fc23034ccb0eabac97f9e8f05b18f4218585e308b703346c2cd768ceb","INVERTEBRATE","6a66a92d976fdeca","12","","","human-review-v1","","",""
"human-golden-queue-v1","30e9d84fc23034ccb0eabac97f9e8f05b18f4218585e308b703346c2cd768ceb","INVESTED","a509d7b21ae0fbfa","8","","","human-review-v1","","",""
"human-golden-queue-v1","30e9d84fc23034ccb0eabac97f9e8f05b18f4218585e308b703346c2cd768ceb","INVITEES","716a7a65598f00a6","8","","","human-review-v1","","",""
"human-golden-queue-v1","30e9d84fc23034ccb0eabac97f9e8f05b18f4218585e308b703346c2cd768ceb","IPO","8a0d72548a89fd68","3","","","human-review-v1","","",""
"human-golden-queue-v1","30e9d84fc23034ccb0eabac97f9e8f05b18f4218585e308b703346c2cd768ceb","IQS","d4ea17c486af85be","3","","","human-review-v1","","",""
"human-golden-queue-v1","30e9d84fc23034ccb0eabac97f9e8f05b18f4218585e308b703346c2cd768ceb","IR","43f27bf51827fba7","2","","","human-review-v1","","",""
"human-golden-queue-v1","30e9d84fc23034ccb0eabac97f9e8f05b18f4218585e308b703346c2cd768ceb","IRA","4a3afe176c059eb1","3","","","human-review-v1","","",""
"human-golden-queue-v1","30e9d84fc23034ccb0eabac97f9e8f05b18f4218585e308b703346c2cd768ceb","IRONING","ec9e21c6afca7fbe","7","","","human-review-v1","","",""
"human-golden-queue-v1","30e9d84fc23034ccb0eabac97f9e8f05b18f4218585e308b703346c2cd768ceb","IRREPROACHABLE","f618b57ae597dda1","14","","","human-review-v1","","",""
"human-golden-queue-v1","30e9d84fc23034ccb0eabac97f9e8f05b18f4218585e308b703346c2cd768ceb","ISM","df0bb7250bf54f3f","3","","","human-review-v1","","",""
"human-golden-queue-v1","30e9d84fc23034ccb0eabac97f9e8f05b18f4218585e308b703346c2cd768ceb","ITHACAN","f2cac7267d8d0aed","7","","","human-review-v1","","",""
"human-golden-queue-v1","30e9d84fc23034ccb0eabac97f9e8f05b18f4218585e308b703346c2cd768ceb","ITS","a29cbfe429d82bb6","3","","","human-review-v1","","",""
"human-golden-queue-v1","30e9d84fc23034ccb0eabac97f9e8f05b18f4218585e308b703346c2cd768ceb","IUD","484b7a1d4120c102","3","","","human-review-v1","","",""
"human-golden-queue-v1","30e9d84fc23034ccb0eabac97f9e8f05b18f4218585e308b703346c2cd768ceb","IVS","15b4a378679c47dc","3","","","human-review-v1","","",""
"human-golden-queue-v1","30e9d84fc23034ccb0eabac97f9e8f05b18f4218585e308b703346c2cd768ceb","JACKAL","845522ab07f2a73f","6","","","human-review-v1","","",""
"human-golden-queue-v1","30e9d84fc23034ccb0eabac97f9e8f05b18f4218585e308b703346c2cd768ceb","JAG","b502c8d3005cdc33","3","","","human-review-v1","","",""
"human-golden-queue-v1","30e9d84fc23034ccb0eabac97f9e8f05b18f4218585e308b703346c2cd768ceb","JAN","2eb5e133cc334a7c","3","","","human-review-v1","","",""
"human-golden-queue-v1","30e9d84fc23034ccb0eabac97f9e8f05b18f4218585e308b703346c2cd768ceb","JEAN","e41d02451a3ba1ed","4","","","human-review-v1","","",""
"human-golden-queue-v1","30e9d84fc23034ccb0eabac97f9e8f05b18f4218585e308b703346c2cd768ceb","JELLYING","a8d62c677eafc4fc","8","","","human-review-v1","","",""
"human-golden-queue-v1","30e9d84fc23034ccb0eabac97f9e8f05b18f4218585e308b703346c2cd768ceb","JERICHO","5769e30a7a51ac9b","7","","","human-review-v1","","",""
"human-golden-queue-v1","30e9d84fc23034ccb0eabac97f9e8f05b18f4218585e308b703346c2cd768ceb","JETS","622cb362e718cf83","4","","","human-review-v1","","",""
"human-golden-queue-v1","30e9d84fc23034ccb0eabac97f9e8f05b18f4218585e308b703346c2cd768ceb","JEW","2bb045a1e4718bf8","3","","","human-review-v1","","",""
"human-golden-queue-v1","30e9d84fc23034ccb0eabac97f9e8f05b18f4218585e308b703346c2cd768ceb","JIB","4524a13ecec685d0","3","","","human-review-v1","","",""
"human-golden-queue-v1","30e9d84fc23034ccb0eabac97f9e8f05b18f4218585e308b703346c2cd768ceb","JIFFS","a521ffbdb04633d7","5","","","human-review-v1","","",""
"human-golden-queue-v1","30e9d84fc23034ccb0eabac97f9e8f05b18f4218585e308b703346c2cd768ceb","JINGLE","5fa2ced4d397d69f","6","","","human-review-v1","","",""
"human-golden-queue-v1","30e9d84fc23034ccb0eabac97f9e8f05b18f4218585e308b703346c2cd768ceb","JITTER","96372d923ed3b46c","6","","","human-review-v1","","",""
"human-golden-queue-v1","30e9d84fc23034ccb0eabac97f9e8f05b18f4218585e308b703346c2cd768ceb","JOBSWORTH","9ee8348d3dbbed13","9","","","human-review-v1","","",""
"human-golden-queue-v1","30e9d84fc23034ccb0eabac97f9e8f05b18f4218585e308b703346c2cd768ceb","JOINTLY","1f0dc6fd97f13e3f","7","","","human-review-v1","","",""
"human-golden-queue-v1","30e9d84fc23034ccb0eabac97f9e8f05b18f4218585e308b703346c2cd768ceb","JOLLIED","27b017b7f005a4c2","7","","","human-review-v1","","",""
"human-golden-queue-v1","30e9d84fc23034ccb0eabac97f9e8f05b18f4218585e308b703346c2cd768ceb","JOSHES","6e30108fcb656371","6","","","human-review-v1","","",""
"human-golden-queue-v1","30e9d84fc23034ccb0eabac97f9e8f05b18f4218585e308b703346c2cd768ceb","JOTTING","9277ef11e3e931c4","7","","","human-review-v1","","",""
"human-golden-queue-v1","30e9d84fc23034ccb0eabac97f9e8f05b18f4218585e308b703346c2cd768ceb","JOUNCED","91ced141968dd011","7","","","human-review-v1","","",""
"human-golden-queue-v1","30e9d84fc23034ccb0eabac97f9e8f05b18f4218585e308b703346c2cd768ceb","JP","ae74d1e747a5729b","2","","","human-review-v1","","",""
"human-golden-queue-v1","30e9d84fc23034ccb0eabac97f9e8f05b18f4218585e308b703346c2cd768ceb","JPS","0d78382c5b368e61","3","","","human-review-v1","","",""
"human-golden-queue-v1","30e9d84fc23034ccb0eabac97f9e8f05b18f4218585e308b703346c2cd768ceb","JUJU","3aea178bb4b97ac6","4","","","human-review-v1","","",""
"human-golden-queue-v1","30e9d84fc23034ccb0eabac97f9e8f05b18f4218585e308b703346c2cd768ceb","JUMPERS","121c6368ab729339","7","","","human-review-v1","","",""
"human-golden-queue-v1","30e9d84fc23034ccb0eabac97f9e8f05b18f4218585e308b703346c2cd768ceb","KAPPA","56f07f389b627a6a","5","","","human-review-v1","","",""
"human-golden-queue-v1","30e9d84fc23034ccb0eabac97f9e8f05b18f4218585e308b703346c2cd768ceb","KAYOS","cade991ab627cdbb","5","","","human-review-v1","","",""
"human-golden-queue-v1","30e9d84fc23034ccb0eabac97f9e8f05b18f4218585e308b703346c2cd768ceb","KENDO","2d749ed09176ebf1","5","","","human-review-v1","","",""
"human-golden-queue-v1","30e9d84fc23034ccb0eabac97f9e8f05b18f4218585e308b703346c2cd768ceb","KGB","c564bab277a6b1d8","3","","","human-review-v1","","",""
"human-golden-queue-v1","30e9d84fc23034ccb0eabac97f9e8f05b18f4218585e308b703346c2cd768ceb","KHZ","75db00b36c69152d","3","","","human-review-v1","","",""
"human-golden-queue-v1","30e9d84fc23034ccb0eabac97f9e8f05b18f4218585e308b703346c2cd768ceb","KIGALI","ca583be6db8b1f8c","6","","","human-review-v1","","",""
"human-golden-queue-v1","30e9d84fc23034ccb0eabac97f9e8f05b18f4218585e308b703346c2cd768ceb","KIKES","fece976dbff41852","5","","","human-review-v1","","",""
"human-golden-queue-v1","30e9d84fc23034ccb0eabac97f9e8f05b18f4218585e308b703346c2cd768ceb","KILOTON","4431f3b42627e5c9","7","","","human-review-v1","","",""
"human-golden-queue-v1","30e9d84fc23034ccb0eabac97f9e8f05b18f4218585e308b703346c2cd768ceb","KILOWATT","c1caf788f78072a6","8","","","human-review-v1","","",""
"human-golden-queue-v1","30e9d84fc23034ccb0eabac97f9e8f05b18f4218585e308b703346c2cd768ceb","KIN","0d2f2e16f708b8dc","3","","","human-review-v1","","",""
"human-golden-queue-v1","30e9d84fc23034ccb0eabac97f9e8f05b18f4218585e308b703346c2cd768ceb","KINDERGARTENS","f73c36ba8d151fcd","13","","","human-review-v1","","",""
"human-golden-queue-v1","30e9d84fc23034ccb0eabac97f9e8f05b18f4218585e308b703346c2cd768ceb","KINKILY","6c47244066f8301b","7","","","human-review-v1","","",""
"human-golden-queue-v1","30e9d84fc23034ccb0eabac97f9e8f05b18f4218585e308b703346c2cd768ceb","KKK","0062e56751394024","3","","","human-review-v1","","",""
"human-golden-queue-v1","30e9d84fc23034ccb0eabac97f9e8f05b18f4218585e308b703346c2cd768ceb","KNIT","27cc7ed21a5c5dc1","4","","","human-review-v1","","",""
"human-golden-queue-v1","30e9d84fc23034ccb0eabac97f9e8f05b18f4218585e308b703346c2cd768ceb","KNITTING","192c9d9a0347269e","8","","","human-review-v1","","",""
"human-golden-queue-v1","30e9d84fc23034ccb0eabac97f9e8f05b18f4218585e308b703346c2cd768ceb","KRILL","09f2e34b1a9e7234","5","","","human-review-v1","","",""
"human-golden-queue-v1","30e9d84fc23034ccb0eabac97f9e8f05b18f4218585e308b703346c2cd768ceb","LABRADOREAN","919ee490042bb4f7","11","","","human-review-v1","","",""
"human-golden-queue-v1","30e9d84fc23034ccb0eabac97f9e8f05b18f4218585e308b703346c2cd768ceb","LAETRILE","3f7252768d11c160","8","","","human-review-v1","","",""
"human-golden-queue-v1","30e9d84fc23034ccb0eabac97f9e8f05b18f4218585e308b703346c2cd768ceb","LAM","6466c7729c7a4737","3","","","human-review-v1","","",""
"human-golden-queue-v1","30e9d84fc23034ccb0eabac97f9e8f05b18f4218585e308b703346c2cd768ceb","LANZHOU","d37008c1291e714d","7","","","human-review-v1","","",""
"human-golden-queue-v1","30e9d84fc23034ccb0eabac97f9e8f05b18f4218585e308b703346c2cd768ceb","LAO","f2168231f3a6f748","3","","","human-review-v1","","",""
"human-golden-queue-v1","30e9d84fc23034ccb0eabac97f9e8f05b18f4218585e308b703346c2cd768ceb","LAOS","1e6d29356128e821","4","","","human-review-v1","","",""
"human-golden-queue-v1","30e9d84fc23034ccb0eabac97f9e8f05b18f4218585e308b703346c2cd768ceb","LAP","5a0d61fb94763a89","3","","","human-review-v1","","",""
"human-golden-queue-v1","30e9d84fc23034ccb0eabac97f9e8f05b18f4218585e308b703346c2cd768ceb","LAPSE","177a3487c08aefbd","5","","","human-review-v1","","",""
"human-golden-queue-v1","30e9d84fc23034ccb0eabac97f9e8f05b18f4218585e308b703346c2cd768ceb","LATTICEWORKS","2e984edde8c9e865","12","","","human-review-v1","","",""
"human-golden-queue-v1","30e9d84fc23034ccb0eabac97f9e8f05b18f4218585e308b703346c2cd768ceb","LAVATORY","2bad146108662e0a","8","","","human-review-v1","","",""
"human-golden-queue-v1","30e9d84fc23034ccb0eabac97f9e8f05b18f4218585e308b703346c2cd768ceb","LAVE","05bfd8407200b9d0","4","","","human-review-v1","","",""
"human-golden-queue-v1","30e9d84fc23034ccb0eabac97f9e8f05b18f4218585e308b703346c2cd768ceb","LAY","b18e837abea26d01","3","","","human-review-v1","","",""
"human-golden-queue-v1","30e9d84fc23034ccb0eabac97f9e8f05b18f4218585e308b703346c2cd768ceb","LCD","ab5d61c9329999ec","3","","","human-review-v1","","",""
"human-golden-queue-v1","30e9d84fc23034ccb0eabac97f9e8f05b18f4218585e308b703346c2cd768ceb","LEA","6bf471ac1447de0c","3","","","human-review-v1","","",""
"human-golden-queue-v1","30e9d84fc23034ccb0eabac97f9e8f05b18f4218585e308b703346c2cd768ceb","LEAKPROOF","bf5254dbc93be029","9","","","human-review-v1","","",""
"human-golden-queue-v1","30e9d84fc23034ccb0eabac97f9e8f05b18f4218585e308b703346c2cd768ceb","LEANINGS","cfa99616294b328d","8","","","human-review-v1","","",""
"human-golden-queue-v1","30e9d84fc23034ccb0eabac97f9e8f05b18f4218585e308b703346c2cd768ceb","LEAPER","c918e41082686450","6","","","human-review-v1","","",""
"human-golden-queue-v1","30e9d84fc23034ccb0eabac97f9e8f05b18f4218585e308b703346c2cd768ceb","LEAVENING","7cfa83d311124b69","9","","","human-review-v1","","",""
"human-golden-queue-v1","30e9d84fc23034ccb0eabac97f9e8f05b18f4218585e308b703346c2cd768ceb","LED","c94387ae553212c3","3","","","human-review-v1","","",""
"human-golden-queue-v1","30e9d84fc23034ccb0eabac97f9e8f05b18f4218585e308b703346c2cd768ceb","LEDGER","2fa476821e2681e0","6","","","human-review-v1","","",""
"human-golden-queue-v1","30e9d84fc23034ccb0eabac97f9e8f05b18f4218585e308b703346c2cd768ceb","LEECHING","49c69417adbbd940","8","","","human-review-v1","","",""
"human-golden-queue-v1","30e9d84fc23034ccb0eabac97f9e8f05b18f4218585e308b703346c2cd768ceb","LEFTOVER","e42598d0ac0ccbbe","8","","","human-review-v1","","",""
"human-golden-queue-v1","30e9d84fc23034ccb0eabac97f9e8f05b18f4218585e308b703346c2cd768ceb","LEGATION","4ba6bae33b99d034","8","","","human-review-v1","","",""
"human-golden-queue-v1","30e9d84fc23034ccb0eabac97f9e8f05b18f4218585e308b703346c2cd768ceb","LEGGY","047025294dda2065","5","","","human-review-v1","","",""
"human-golden-queue-v1","30e9d84fc23034ccb0eabac97f9e8f05b18f4218585e308b703346c2cd768ceb","LEGION","2d54fe5c8bc471e7","6","","","human-review-v1","","",""
"human-golden-queue-v1","30e9d84fc23034ccb0eabac97f9e8f05b18f4218585e308b703346c2cd768ceb","LEGISLATURES","72168ea32cddeaf3","12","","","human-review-v1","","",""
"human-golden-queue-v1","30e9d84fc23034ccb0eabac97f9e8f05b18f4218585e308b703346c2cd768ceb","LEGWORK","53db84f170bf63a9","7","","","human-review-v1","","",""
"human-golden-queue-v1","30e9d84fc23034ccb0eabac97f9e8f05b18f4218585e308b703346c2cd768ceb","LEI","0081118c7d2959e0","3","","","human-review-v1","","",""
"human-golden-queue-v1","30e9d84fc23034ccb0eabac97f9e8f05b18f4218585e308b703346c2cd768ceb","LENS","f29b63485b08169a","4","","","human-review-v1","","",""
"human-golden-queue-v1","30e9d84fc23034ccb0eabac97f9e8f05b18f4218585e308b703346c2cd768ceb","LEO","53c73d06e338ca16","3","","","human-review-v1","","",""
"human-golden-queue-v1","30e9d84fc23034ccb0eabac97f9e8f05b18f4218585e308b703346c2cd768ceb","LEOPARDESS","d0714e03c7790abf","10","","","human-review-v1","","",""
"human-golden-queue-v1","30e9d84fc23034ccb0eabac97f9e8f05b18f4218585e308b703346c2cd768ceb","LET","fa97f201a7eca904","3","","","human-review-v1","","",""
"human-golden-queue-v1","30e9d84fc23034ccb0eabac97f9e8f05b18f4218585e308b703346c2cd768ceb","LETS","1a08fdfdf4fcb8f7","4","","","human-review-v1","","",""
"human-golden-queue-v1","30e9d84fc23034ccb0eabac97f9e8f05b18f4218585e308b703346c2cd768ceb","LEVELERS","5029bf796d77fe0c","8","","","human-review-v1","","",""
"human-golden-queue-v1","30e9d84fc23034ccb0eabac97f9e8f05b18f4218585e308b703346c2cd768ceb","LIB","448d02dfb938e4a8","3","","","human-review-v1","","",""
"human-golden-queue-v1","30e9d84fc23034ccb0eabac97f9e8f05b18f4218585e308b703346c2cd768ceb","LIBERALISM","90e7dce0a6d7dd41","10","","","human-review-v1","","",""
"human-golden-queue-v1","30e9d84fc23034ccb0eabac97f9e8f05b18f4218585e308b703346c2cd768ceb","LICENTIATES","fb6daff2858acbf1","11","","","human-review-v1","","",""
"human-golden-queue-v1","30e9d84fc23034ccb0eabac97f9e8f05b18f4218585e308b703346c2cd768ceb","LIFELESSLY","fe9766802170bfe0","10","","","human-review-v1","","",""
"human-golden-queue-v1","30e9d84fc23034ccb0eabac97f9e8f05b18f4218585e308b703346c2cd768ceb","LIGHT","7800a44792ea5368","5","","","human-review-v1","","",""
"human-golden-queue-v1","30e9d84fc23034ccb0eabac97f9e8f05b18f4218585e308b703346c2cd768ceb","LIKABILITY","4620f285b1699360","10","","","human-review-v1","","",""
"human-golden-queue-v1","30e9d84fc23034ccb0eabac97f9e8f05b18f4218585e308b703346c2cd768ceb","LIKELIER","3572f230ff15e01e","8","","","human-review-v1","","",""
"human-golden-queue-v1","30e9d84fc23034ccb0eabac97f9e8f05b18f4218585e308b703346c2cd768ceb","LILONGWE","f0d94078d2ac4cec","8","","","human-review-v1","","",""
"human-golden-queue-v1","30e9d84fc23034ccb0eabac97f9e8f05b18f4218585e308b703346c2cd768ceb","LIMEYS","6e5d53f9e697681a","6","","","human-review-v1","","",""
"human-golden-queue-v1","30e9d84fc23034ccb0eabac97f9e8f05b18f4218585e308b703346c2cd768ceb","LIMITING","b7336c5dec5edb6b","8","","","human-review-v1","","",""
"human-golden-queue-v1","30e9d84fc23034ccb0eabac97f9e8f05b18f4218585e308b703346c2cd768ceb","LINESMEN","50b5654ee5bad950","8","","","human-review-v1","","",""
"human-golden-queue-v1","30e9d84fc23034ccb0eabac97f9e8f05b18f4218585e308b703346c2cd768ceb","LING","2dab4126dd697429","4","","","human-review-v1","","",""
"human-golden-queue-v1","30e9d84fc23034ccb0eabac97f9e8f05b18f4218585e308b703346c2cd768ceb","LINKAGE","db92cc5715423e19","7","","","human-review-v1","","",""
"human-golden-queue-v1","30e9d84fc23034ccb0eabac97f9e8f05b18f4218585e308b703346c2cd768ceb","LISTED","6b9d168a557738ed","6","","","human-review-v1","","",""
"human-golden-queue-v1","30e9d84fc23034ccb0eabac97f9e8f05b18f4218585e308b703346c2cd768ceb","LISTEN","0ebbb44b05c0f83a","6","","","human-review-v1","","",""
"human-golden-queue-v1","30e9d84fc23034ccb0eabac97f9e8f05b18f4218585e308b703346c2cd768ceb","LISTENERS","dc449a5bdb408c46","9","","","human-review-v1","","",""
"human-golden-queue-v1","30e9d84fc23034ccb0eabac97f9e8f05b18f4218585e308b703346c2cd768ceb","LIT","79a3e8e66656c9ec","3","","","human-review-v1","","",""
"human-golden-queue-v1","30e9d84fc23034ccb0eabac97f9e8f05b18f4218585e308b703346c2cd768ceb","LITERARY","dff6c158c7274f1d","8","","","human-review-v1","","",""
"human-golden-queue-v1","30e9d84fc23034ccb0eabac97f9e8f05b18f4218585e308b703346c2cd768ceb","LITHENESS","0b36e9a2b99f613e","9","","","human-review-v1","","",""
"human-golden-queue-v1","30e9d84fc23034ccb0eabac97f9e8f05b18f4218585e308b703346c2cd768ceb","LITHUANIAN","3ef4065128e64f1e","10","","","human-review-v1","","",""
"human-golden-queue-v1","30e9d84fc23034ccb0eabac97f9e8f05b18f4218585e308b703346c2cd768ceb","LITIGIOUS","621bb46a9cccd3c9","9","","","human-review-v1","","",""
"human-golden-queue-v1","30e9d84fc23034ccb0eabac97f9e8f05b18f4218585e308b703346c2cd768ceb","LITMUS","a484b97fa4be98aa","6","","","human-review-v1","","",""
"human-golden-queue-v1","30e9d84fc23034ccb0eabac97f9e8f05b18f4218585e308b703346c2cd768ceb","LOADING","f8314c8836747549","7","","","human-review-v1","","",""
"human-golden-queue-v1","30e9d84fc23034ccb0eabac97f9e8f05b18f4218585e308b703346c2cd768ceb","LOCOWEEDS","d02aac78a82bf795","9","","","human-review-v1","","",""
"human-golden-queue-v1","30e9d84fc23034ccb0eabac97f9e8f05b18f4218585e308b703346c2cd768ceb","LOLLIES","7c9854de17418584","7","","","human-review-v1","","",""
"human-golden-queue-v1","30e9d84fc23034ccb0eabac97f9e8f05b18f4218585e308b703346c2cd768ceb","LOPED","70de829e56247111","5","","","human-review-v1","","",""
"human-golden-queue-v1","30e9d84fc23034ccb0eabac97f9e8f05b18f4218585e308b703346c2cd768ceb","LOUR","91ec2fa2443778ce","4","","","human-review-v1","","",""
"human-golden-queue-v1","30e9d84fc23034ccb0eabac97f9e8f05b18f4218585e308b703346c2cd768ceb","LOX","52da82ac117b85c7","3","","","human-review-v1","","",""
"human-golden-queue-v1","30e9d84fc23034ccb0eabac97f9e8f05b18f4218585e308b703346c2cd768ceb","LPN","49f4cd48207ef01f","3","","","human-review-v1","","",""
"human-golden-queue-v1","30e9d84fc23034ccb0eabac97f9e8f05b18f4218585e308b703346c2cd768ceb","LPS","8610ac65ed9a3224","3","","","human-review-v1","","",""
"human-golden-queue-v1","30e9d84fc23034ccb0eabac97f9e8f05b18f4218585e308b703346c2cd768ceb","LUCIDITY","338f52edb8f84fdc","8","","","human-review-v1","","",""
"human-golden-queue-v1","30e9d84fc23034ccb0eabac97f9e8f05b18f4218585e308b703346c2cd768ceb","LUDO","0f78e2725458bd48","4","","","human-review-v1","","",""
"human-golden-queue-v1","30e9d84fc23034ccb0eabac97f9e8f05b18f4218585e308b703346c2cd768ceb","LULUS","00c4449089ed8a7d","5","","","human-review-v1","","",""
"human-golden-queue-v1","30e9d84fc23034ccb0eabac97f9e8f05b18f4218585e308b703346c2cd768ceb","LUNAR","504b10504de67691","5","","","human-review-v1","","",""
"human-golden-queue-v1","30e9d84fc23034ccb0eabac97f9e8f05b18f4218585e308b703346c2cd768ceb","LUNCHEONS","89b32d9aaa91b7ea","9","","","human-review-v1","","",""
"human-golden-queue-v1","30e9d84fc23034ccb0eabac97f9e8f05b18f4218585e308b703346c2cd768ceb","LUPERCALIA","3f1b6e77eded4cbc","10","","","human-review-v1","","",""
"human-golden-queue-v1","30e9d84fc23034ccb0eabac97f9e8f05b18f4218585e308b703346c2cd768ceb","LURKER","3c85e5e603b815f2","6","","","human-review-v1","","",""
"human-golden-queue-v1","30e9d84fc23034ccb0eabac97f9e8f05b18f4218585e308b703346c2cd768ceb","LUX","e021e97e8f950b3b","3","","","human-review-v1","","",""
"human-golden-queue-v1","30e9d84fc23034ccb0eabac97f9e8f05b18f4218585e308b703346c2cd768ceb","LUXE","f2b326a9ec584389","4","","","human-review-v1","","",""
"human-golden-queue-v1","30e9d84fc23034ccb0eabac97f9e8f05b18f4218585e308b703346c2cd768ceb","MAC","95307c17cf30c673","3","","","human-review-v1","","",""
"human-golden-queue-v1","30e9d84fc23034ccb0eabac97f9e8f05b18f4218585e308b703346c2cd768ceb","MACS","7bcb1d55683b1818","4","","","human-review-v1","","",""
"human-golden-queue-v1","30e9d84fc23034ccb0eabac97f9e8f05b18f4218585e308b703346c2cd768ceb","MADDEN","d50726c13b95fef7","6","","","human-review-v1","","",""
"human-golden-queue-v1","30e9d84fc23034ccb0eabac97f9e8f05b18f4218585e308b703346c2cd768ceb","MAINLINED","4447e907fc34f904","9","","","human-review-v1","","",""
"human-golden-queue-v1","30e9d84fc23034ccb0eabac97f9e8f05b18f4218585e308b703346c2cd768ceb","MAKEOVERS","90ef653d458f4031","9","","","human-review-v1","","",""
"human-golden-queue-v1","30e9d84fc23034ccb0eabac97f9e8f05b18f4218585e308b703346c2cd768ceb","MALIGNING","fb584825f6071c9b","9","","","human-review-v1","","",""
"human-golden-queue-v1","30e9d84fc23034ccb0eabac97f9e8f05b18f4218585e308b703346c2cd768ceb","MALTY","fb51faa075273c3e","5","","","human-review-v1","","",""
"human-golden-queue-v1","30e9d84fc23034ccb0eabac97f9e8f05b18f4218585e308b703346c2cd768ceb","MAN","5da939f538e8af91","3","","","human-review-v1","","",""
"human-golden-queue-v1","30e9d84fc23034ccb0eabac97f9e8f05b18f4218585e308b703346c2cd768ceb","MANAGER","5ae3596de8c5bd52","7","","","human-review-v1","","",""
"human-golden-queue-v1","30e9d84fc23034ccb0eabac97f9e8f05b18f4218585e308b703346c2cd768ceb","MANDRAKES","6230d9589e0831a2","9","","","human-review-v1","","",""
"human-golden-queue-v1","30e9d84fc23034ccb0eabac97f9e8f05b18f4218585e308b703346c2cd768ceb","MANGETOUT","be25a9d7c5147339","9","","","human-review-v1","","",""
"human-golden-queue-v1","30e9d84fc23034ccb0eabac97f9e8f05b18f4218585e308b703346c2cd768ceb","MANGIEST","a03c2b46a50e1c01","8","","","human-review-v1","","",""
"human-golden-queue-v1","30e9d84fc23034ccb0eabac97f9e8f05b18f4218585e308b703346c2cd768ceb","MANGLERS","9bb28ed85ae68498","8","","","human-review-v1","","",""
"human-golden-queue-v1","30e9d84fc23034ccb0eabac97f9e8f05b18f4218585e308b703346c2cd768ceb","MANGO","4cf351fc6ec47dff","5","","","human-review-v1","","",""
"human-golden-queue-v1","30e9d84fc23034ccb0eabac97f9e8f05b18f4218585e308b703346c2cd768ceb","MANHOLE","878126da17af3437","7","","","human-review-v1","","",""
"human-golden-queue-v1","30e9d84fc23034ccb0eabac97f9e8f05b18f4218585e308b703346c2cd768ceb","MANICURES","cbc035b9ba902ba4","9","","","human-review-v1","","",""
"human-golden-queue-v1","30e9d84fc23034ccb0eabac97f9e8f05b18f4218585e308b703346c2cd768ceb","MANTA","dd81f65438c48890","5","","","human-review-v1","","",""
"human-golden-queue-v1","30e9d84fc23034ccb0eabac97f9e8f05b18f4218585e308b703346c2cd768ceb","MANTRA","ec16eaa9fc20344d","6","","","human-review-v1","","",""
"human-golden-queue-v1","30e9d84fc23034ccb0eabac97f9e8f05b18f4218585e308b703346c2cd768ceb","MARGE","98db91f182934c1d","5","","","human-review-v1","","",""
"human-golden-queue-v1","30e9d84fc23034ccb0eabac97f9e8f05b18f4218585e308b703346c2cd768ceb","MARKETABLE","a7e95ece6bb7eaee","10","","","human-review-v1","","",""
"human-golden-queue-v1","30e9d84fc23034ccb0eabac97f9e8f05b18f4218585e308b703346c2cd768ceb","MARL","257eb9e15cca380b","4","","","human-review-v1","","",""
"human-golden-queue-v1","30e9d84fc23034ccb0eabac97f9e8f05b18f4218585e308b703346c2cd768ceb","MARSUPIALS","997fb2b43a8ad628","10","","","human-review-v1","","",""
"human-golden-queue-v1","30e9d84fc23034ccb0eabac97f9e8f05b18f4218585e308b703346c2cd768ceb","MARTYRING","78cfbcfe024be597","9","","","human-review-v1","","",""
"human-golden-queue-v1","30e9d84fc23034ccb0eabac97f9e8f05b18f4218585e308b703346c2cd768ceb","MAS","674fb78dbb0f6185","3","","","human-review-v1","","",""
"human-golden-queue-v1","30e9d84fc23034ccb0eabac97f9e8f05b18f4218585e308b703346c2cd768ceb","MASAS","d139ab6812009f41","5","","","human-review-v1","","",""
"human-golden-queue-v1","30e9d84fc23034ccb0eabac97f9e8f05b18f4218585e308b703346c2cd768ceb","MATERIALISM","9ef5df23791edf01","11","","","human-review-v1","","",""
"human-golden-queue-v1","30e9d84fc23034ccb0eabac97f9e8f05b18f4218585e308b703346c2cd768ceb","MATERNALLY","b322935fa3dc0e30","10","","","human-review-v1","","",""
"human-golden-queue-v1","30e9d84fc23034ccb0eabac97f9e8f05b18f4218585e308b703346c2cd768ceb","MATTING","d3740088e12e6bd9","7","","","human-review-v1","","",""
"human-golden-queue-v1","30e9d84fc23034ccb0eabac97f9e8f05b18f4218585e308b703346c2cd768ceb","MATZOTH","6b775593ea2c6c16","7","","","human-review-v1","","",""
"human-golden-queue-v1","30e9d84fc23034ccb0eabac97f9e8f05b18f4218585e308b703346c2cd768ceb","MAUPASSANT","1a1da3443cc6155a","10","","","human-review-v1","","",""
"human-golden-queue-v1","30e9d84fc23034ccb0eabac97f9e8f05b18f4218585e308b703346c2cd768ceb","MAW","caffad8d1c3533eb","3","","","human-review-v1","","",""
"human-golden-queue-v1","30e9d84fc23034ccb0eabac97f9e8f05b18f4218585e308b703346c2cd768ceb","MAX","c1563e89ea76861e","3","","","human-review-v1","","",""
"human-golden-queue-v1","30e9d84fc23034ccb0eabac97f9e8f05b18f4218585e308b703346c2cd768ceb","MAXES","f49f727137417696","5","","","human-review-v1","","",""
"human-golden-queue-v1","30e9d84fc23034ccb0eabac97f9e8f05b18f4218585e308b703346c2cd768ceb","MAXI","955140db9159b253","4","","","human-review-v1","","",""
"human-golden-queue-v1","30e9d84fc23034ccb0eabac97f9e8f05b18f4218585e308b703346c2cd768ceb","MAY","cb7ff7099c49508a","3","","","human-review-v1","","",""
"human-golden-queue-v1","30e9d84fc23034ccb0eabac97f9e8f05b18f4218585e308b703346c2cd768ceb","MBA","687a2ec5d0ad2bdb","3","","","human-review-v1","","",""
"human-golden-queue-v1","30e9d84fc23034ccb0eabac97f9e8f05b18f4218585e308b703346c2cd768ceb","MED","93016637bc147f46","3","","","human-review-v1","","",""
"human-golden-queue-v1","30e9d84fc23034ccb0eabac97f9e8f05b18f4218585e308b703346c2cd768ceb","MEDALIST","c2256cac2188999f","8","","","human-review-v1","","",""
"human-golden-queue-v1","30e9d84fc23034ccb0eabac97f9e8f05b18f4218585e308b703346c2cd768ceb","MEDALISTS","0a48e79016273b00","9","","","human-review-v1","","",""
"human-golden-queue-v1","30e9d84fc23034ccb0eabac97f9e8f05b18f4218585e308b703346c2cd768ceb","MEDICS","e794eccfb0033f68","6","","","human-review-v1","","",""
"human-golden-queue-v1","30e9d84fc23034ccb0eabac97f9e8f05b18f4218585e308b703346c2cd768ceb","MEET","4be76b771bc22ad0","4","","","human-review-v1","","",""
"human-golden-queue-v1","30e9d84fc23034ccb0eabac97f9e8f05b18f4218585e308b703346c2cd768ceb","MEG","7c9add2cd1ccc49d","3","","","human-review-v1","","",""
"human-golden-queue-v1","30e9d84fc23034ccb0eabac97f9e8f05b18f4218585e308b703346c2cd768ceb","MEGAHERTZ","34d3ff0a86d06a5e","9","","","human-review-v1","","",""
"human-golden-queue-v1","30e9d84fc23034ccb0eabac97f9e8f05b18f4218585e308b703346c2cd768ceb","MEH","da8d92ab25a7803a","3","","","human-review-v1","","",""
"human-golden-queue-v1","30e9d84fc23034ccb0eabac97f9e8f05b18f4218585e308b703346c2cd768ceb","MELT","07953ef0d4de1f0a","4","","","human-review-v1","","",""
"human-golden-queue-v1","30e9d84fc23034ccb0eabac97f9e8f05b18f4218585e308b703346c2cd768ceb","MENIAL","15201b3075c1deb5","6","","","human-review-v1","","",""
"human-golden-queue-v1","30e9d84fc23034ccb0eabac97f9e8f05b18f4218585e308b703346c2cd768ceb","MENTORS","a5c2a13b05ac6212","7","","","human-review-v1","","",""
"human-golden-queue-v1","30e9d84fc23034ccb0eabac97f9e8f05b18f4218585e308b703346c2cd768ceb","MERETRICIOUSLY","44dcf8a62aa95e14","14","","","human-review-v1","","",""
"human-golden-queue-v1","30e9d84fc23034ccb0eabac97f9e8f05b18f4218585e308b703346c2cd768ceb","MERLOT","b04fe6bc0903732c","6","","","human-review-v1","","",""
"human-golden-queue-v1","30e9d84fc23034ccb0eabac97f9e8f05b18f4218585e308b703346c2cd768ceb","MESSED","b1806595d5246983","6","","","human-review-v1","","",""
"human-golden-queue-v1","30e9d84fc23034ccb0eabac97f9e8f05b18f4218585e308b703346c2cd768ceb","METALED","d724745d9639ae65","7","","","human-review-v1","","",""
"human-golden-queue-v1","30e9d84fc23034ccb0eabac97f9e8f05b18f4218585e308b703346c2cd768ceb","MHZ","9d604251f19bc8e8","3","","","human-review-v1","","",""
"human-golden-queue-v1","30e9d84fc23034ccb0eabac97f9e8f05b18f4218585e308b703346c2cd768ceb","MI","8d76d74232f73380","2","","","human-review-v1","","",""
"human-golden-queue-v1","30e9d84fc23034ccb0eabac97f9e8f05b18f4218585e308b703346c2cd768ceb","MICH","1317690c515195c9","4","","","human-review-v1","","",""
"human-golden-queue-v1","30e9d84fc23034ccb0eabac97f9e8f05b18f4218585e308b703346c2cd768ceb","MICROPLASTICS","314793fdd6bc2089","13","","","human-review-v1","","",""
"human-golden-queue-v1","30e9d84fc23034ccb0eabac97f9e8f05b18f4218585e308b703346c2cd768ceb","MICROWAVING","99a989b5de4eac42","11","","","human-review-v1","","",""
"human-golden-queue-v1","30e9d84fc23034ccb0eabac97f9e8f05b18f4218585e308b703346c2cd768ceb","MIDFIELDERS","be2136b12414cb52","11","","","human-review-v1","","",""
"human-golden-queue-v1","30e9d84fc23034ccb0eabac97f9e8f05b18f4218585e308b703346c2cd768ceb","MIDGET","f4d40336f439c350","6","","","human-review-v1","","",""
"human-golden-queue-v1","30e9d84fc23034ccb0eabac97f9e8f05b18f4218585e308b703346c2cd768ceb","MIDSHIPS","1d323e578ff799b1","8","","","human-review-v1","","",""
"human-golden-queue-v1","30e9d84fc23034ccb0eabac97f9e8f05b18f4218585e308b703346c2cd768ceb","MIDWIFE","af944aee25283914","7","","","human-review-v1","","",""
"human-golden-queue-v1","30e9d84fc23034ccb0eabac97f9e8f05b18f4218585e308b703346c2cd768ceb","MIG","1380ab213c6084bd","3","","","human-review-v1","","",""
"human-golden-queue-v1","30e9d84fc23034ccb0eabac97f9e8f05b18f4218585e308b703346c2cd768ceb","MIGRATING","3f61f7024c571dc1","9","","","human-review-v1","","",""
"human-golden-queue-v1","30e9d84fc23034ccb0eabac97f9e8f05b18f4218585e308b703346c2cd768ceb","MIL","41fa88656034e38a","3","","","human-review-v1","","",""
"human-golden-queue-v1","30e9d84fc23034ccb0eabac97f9e8f05b18f4218585e308b703346c2cd768ceb","MILKMAID","81dca5dc4faf8ff8","8","","","human-review-v1","","",""
"human-golden-queue-v1","30e9d84fc23034ccb0eabac97f9e8f05b18f4218585e308b703346c2cd768ceb","MILLAGE","fb0cb8ad76cb7b8f","7","","","human-review-v1","","",""
"human-golden-queue-v1","30e9d84fc23034ccb0eabac97f9e8f05b18f4218585e308b703346c2cd768ceb","MILLENNIALS","336136b47ad2e5d7","11","","","human-review-v1","","",""
"human-golden-queue-v1","30e9d84fc23034ccb0eabac97f9e8f05b18f4218585e308b703346c2cd768ceb","MILLILITERS","900ed7d7efa03829","11","","","human-review-v1","","",""
"human-golden-queue-v1","30e9d84fc23034ccb0eabac97f9e8f05b18f4218585e308b703346c2cd768ceb","MINDING","5548ff0cb5b3c371","7","","","human-review-v1","","",""
"human-golden-queue-v1","30e9d84fc23034ccb0eabac97f9e8f05b18f4218585e308b703346c2cd768ceb","MINERS","979479176e14c383","6","","","human-review-v1","","",""
"human-golden-queue-v1","30e9d84fc23034ccb0eabac97f9e8f05b18f4218585e308b703346c2cd768ceb","MINESWEEPER","14bb206f0deeb0e0","11","","","human-review-v1","","",""
"human-golden-queue-v1","30e9d84fc23034ccb0eabac97f9e8f05b18f4218585e308b703346c2cd768ceb","MINORITIES","292f3ac7b5f90060","10","","","human-review-v1","","",""
"human-golden-queue-v1","30e9d84fc23034ccb0eabac97f9e8f05b18f4218585e308b703346c2cd768ceb","MINXES","bb3915a781aa3cb2","6","","","human-review-v1","","",""
"human-golden-queue-v1","30e9d84fc23034ccb0eabac97f9e8f05b18f4218585e308b703346c2cd768ceb","MIRACLES","5eebcf45e2084eee","8","","","human-review-v1","","",""
"human-golden-queue-v1","30e9d84fc23034ccb0eabac97f9e8f05b18f4218585e308b703346c2cd768ceb","MISER","9c48b7c4493de1b4","5","","","human-review-v1","","",""
"human-golden-queue-v1","30e9d84fc23034ccb0eabac97f9e8f05b18f4218585e308b703346c2cd768ceb","MISERABLE","aed45138f86eb65f","9","","","human-review-v1","","",""
"human-golden-queue-v1","30e9d84fc23034ccb0eabac97f9e8f05b18f4218585e308b703346c2cd768ceb","MISHIT","b77caa7c5c641df8","6","","","human-review-v1","","",""
"human-golden-queue-v1","30e9d84fc23034ccb0eabac97f9e8f05b18f4218585e308b703346c2cd768ceb","MISJUDGED","506f603a82516214","9","","","human-review-v1","","",""
"human-golden-queue-v1","30e9d84fc23034ccb0eabac97f9e8f05b18f4218585e308b703346c2cd768ceb","MISOGAMIST","e4963824c06982f0","10","","","human-review-v1","","",""
"human-golden-queue-v1","30e9d84fc23034ccb0eabac97f9e8f05b18f4218585e308b703346c2cd768ceb","MISSPEND","9dcd0faa70746bc6","8","","","human-review-v1","","",""
"human-golden-queue-v1","30e9d84fc23034ccb0eabac97f9e8f05b18f4218585e308b703346c2cd768ceb","MITOSIS","98dfcd8987aa0082","7","","","human-review-v1","","",""
"human-golden-queue-v1","30e9d84fc23034ccb0eabac97f9e8f05b18f4218585e308b703346c2cd768ceb","MOAN","02828c1c44f3049d","4","","","human-review-v1","","",""
"human-golden-queue-v1","30e9d84fc23034ccb0eabac97f9e8f05b18f4218585e308b703346c2cd768ceb","MOD","07181e676b1af5b0","3","","","human-review-v1","","",""
"human-golden-queue-v1","30e9d84fc23034ccb0eabac97f9e8f05b18f4218585e308b703346c2cd768ceb","MODI","9278d9d04b7eb6a4","4","","","human-review-v1","","",""
"human-golden-queue-v1","30e9d84fc23034ccb0eabac97f9e8f05b18f4218585e308b703346c2cd768ceb","MOLLIFY","0604baa655c219c3","7","","","human-review-v1","","",""
"human-golden-queue-v1","30e9d84fc23034ccb0eabac97f9e8f05b18f4218585e308b703346c2cd768ceb","MOLLY","297081c866eae022","5","","","human-review-v1","","",""
"human-golden-queue-v1","30e9d84fc23034ccb0eabac97f9e8f05b18f4218585e308b703346c2cd768ceb","MONGOLOID","014729d5737ffb33","9","","","human-review-v1","","",""
"human-golden-queue-v1","30e9d84fc23034ccb0eabac97f9e8f05b18f4218585e308b703346c2cd768ceb","MONTHLY","cb6cbfb976c13fe9","7","","","human-review-v1","","",""
"human-golden-queue-v1","30e9d84fc23034ccb0eabac97f9e8f05b18f4218585e308b703346c2cd768ceb","MOONLIT","762554921247d70b","7","","","human-review-v1","","",""
"human-golden-queue-v1","30e9d84fc23034ccb0eabac97f9e8f05b18f4218585e308b703346c2cd768ceb","MOONSHINER","2f2ea0e35550a7f6","10","","","human-review-v1","","",""
"human-golden-queue-v1","30e9d84fc23034ccb0eabac97f9e8f05b18f4218585e308b703346c2cd768ceb","MOPER","188519f287645e17","5","","","human-review-v1","","",""
"human-golden-queue-v1","30e9d84fc23034ccb0eabac97f9e8f05b18f4218585e308b703346c2cd768ceb","MORAINE","b7ccac527fbb9d65","7","","","human-review-v1","","",""
"human-golden-queue-v1","30e9d84fc23034ccb0eabac97f9e8f05b18f4218585e308b703346c2cd768ceb","MORBIDNESS","574b99f77689ba15","10","","","human-review-v1","","",""
"human-golden-queue-v1","30e9d84fc23034ccb0eabac97f9e8f05b18f4218585e308b703346c2cd768ceb","MORES","51c4cdd70b1f769b","5","","","human-review-v1","","",""
"human-golden-queue-v1","30e9d84fc23034ccb0eabac97f9e8f05b18f4218585e308b703346c2cd768ceb","MOROSE","d118e7d4c0894d78","6","","","human-review-v1","","",""
"human-golden-queue-v1","30e9d84fc23034ccb0eabac97f9e8f05b18f4218585e308b703346c2cd768ceb","MORPH","bd66280e3080f1f8","5","","","human-review-v1","","",""
"human-golden-queue-v1","30e9d84fc23034ccb0eabac97f9e8f05b18f4218585e308b703346c2cd768ceb","MORPHOLOGIES","78cac256571d3ee2","12","","","human-review-v1","","",""
"human-golden-queue-v1","30e9d84fc23034ccb0eabac97f9e8f05b18f4218585e308b703346c2cd768ceb","MOT","05516d300fafd968","3","","","human-review-v1","","",""
"human-golden-queue-v1","30e9d84fc23034ccb0eabac97f9e8f05b18f4218585e308b703346c2cd768ceb","MOTLEY","cf489450cacce619","6","","","human-review-v1","","",""
"human-golden-queue-v1","30e9d84fc23034ccb0eabac97f9e8f05b18f4218585e308b703346c2cd768ceb","MOUNTEBANK","1a1129f2d11d33e3","10","","","human-review-v1","","",""
"human-golden-queue-v1","30e9d84fc23034ccb0eabac97f9e8f05b18f4218585e308b703346c2cd768ceb","MOWN","a17e82b856f788e8","4","","","human-review-v1","","",""
"human-golden-queue-v1","30e9d84fc23034ccb0eabac97f9e8f05b18f4218585e308b703346c2cd768ceb","MPS","a23374f4bafcfc1e","3","","","human-review-v1","","",""
"human-golden-queue-v1","30e9d84fc23034ccb0eabac97f9e8f05b18f4218585e308b703346c2cd768ceb","MRI","edb3b204df87fd7e","3","","","human-review-v1","","",""
"human-golden-queue-v1","30e9d84fc23034ccb0eabac97f9e8f05b18f4218585e308b703346c2cd768ceb","MSG","d5a8360e56a3230e","3","","","human-review-v1","","",""
"human-golden-queue-v1","30e9d84fc23034ccb0eabac97f9e8f05b18f4218585e308b703346c2cd768ceb","MST","1f96d1c3f22b6411","3","","","human-review-v1","","",""
"human-golden-queue-v1","30e9d84fc23034ccb0eabac97f9e8f05b18f4218585e308b703346c2cd768ceb","MULBERRIES","f5427dd21c7a6341","10","","","human-review-v1","","",""
"human-golden-queue-v1","30e9d84fc23034ccb0eabac97f9e8f05b18f4218585e308b703346c2cd768ceb","MULBERRY","880ba38878af4bc0","8","","","human-review-v1","","",""
"human-golden-queue-v1","30e9d84fc23034ccb0eabac97f9e8f05b18f4218585e308b703346c2cd768ceb","MUNGE","f78b3201bd2b6d8c","5","","","human-review-v1","","",""
"human-golden-queue-v1","30e9d84fc23034ccb0eabac97f9e8f05b18f4218585e308b703346c2cd768ceb","MURMUROUS","9b2a639f69781270","9","","","human-review-v1","","",""
"human-golden-queue-v1","30e9d84fc23034ccb0eabac97f9e8f05b18f4218585e308b703346c2cd768ceb","MUSCULAR","f120643c687357e7","8","","","human-review-v1","","",""
"human-golden-queue-v1","30e9d84fc23034ccb0eabac97f9e8f05b18f4218585e308b703346c2cd768ceb","MUTATIONS","9bc2ddc4ed38cc31","9","","","human-review-v1","","",""
"human-golden-queue-v1","30e9d84fc23034ccb0eabac97f9e8f05b18f4218585e308b703346c2cd768ceb","MVP","44c924e6fff6aff6","3","","","human-review-v1","","",""
"human-golden-queue-v1","30e9d84fc23034ccb0eabac97f9e8f05b18f4218585e308b703346c2cd768ceb","N","bfc3d55debaa9e6e","1","","","human-review-v1","","",""
"human-golden-queue-v1","30e9d84fc23034ccb0eabac97f9e8f05b18f4218585e308b703346c2cd768ceb","NAAN","14b11657ae1f964b","4","","","human-review-v1","","",""
"human-golden-queue-v1","30e9d84fc23034ccb0eabac97f9e8f05b18f4218585e308b703346c2cd768ceb","NAGS","c177238fe2e09d1d","4","","","human-review-v1","","",""
"human-golden-queue-v1","30e9d84fc23034ccb0eabac97f9e8f05b18f4218585e308b703346c2cd768ceb","NAHUM","6a51ad8c81d85fc7","5","","","human-review-v1","","",""
"human-golden-queue-v1","30e9d84fc23034ccb0eabac97f9e8f05b18f4218585e308b703346c2cd768ceb","NAPKIN","03da2d1d631ce25e","6","","","human-review-v1","","",""
"human-golden-queue-v1","30e9d84fc23034ccb0eabac97f9e8f05b18f4218585e308b703346c2cd768ceb","NARKY","4d2787b754a81491","5","","","human-review-v1","","",""
"human-golden-queue-v1","30e9d84fc23034ccb0eabac97f9e8f05b18f4218585e308b703346c2cd768ceb","NAVAL","0b480a2d0f5d0be9","5","","","human-review-v1","","",""
"human-golden-queue-v1","30e9d84fc23034ccb0eabac97f9e8f05b18f4218585e308b703346c2cd768ceb","NAY","1f2155d873448147","3","","","human-review-v1","","",""
"human-golden-queue-v1","30e9d84fc23034ccb0eabac97f9e8f05b18f4218585e308b703346c2cd768ceb","NC","a0cef4597c73519f","2","","","human-review-v1","","",""
"human-golden-queue-v1","30e9d84fc23034ccb0eabac97f9e8f05b18f4218585e308b703346c2cd768ceb","NEGROID","0ff96c2f9033ee3e","7","","","human-review-v1","","",""
"human-golden-queue-v1","30e9d84fc23034ccb0eabac97f9e8f05b18f4218585e308b703346c2cd768ceb","NEWSCASTER","2cac876c9e7c9921","10","","","human-review-v1","","",""
"human-golden-queue-v1","30e9d84fc23034ccb0eabac97f9e8f05b18f4218585e308b703346c2cd768ceb","NIB","d77e1e1313360dd0","3","","","human-review-v1","","",""
"human-golden-queue-v1","30e9d84fc23034ccb0eabac97f9e8f05b18f4218585e308b703346c2cd768ceb","NICKELODEONS","0c437106136d6bff","12","","","human-review-v1","","",""
"human-golden-queue-v1","30e9d84fc23034ccb0eabac97f9e8f05b18f4218585e308b703346c2cd768ceb","NIFF","3c0a85db9af17f70","4","","","human-review-v1","","",""
"human-golden-queue-v1","30e9d84fc23034ccb0eabac97f9e8f05b18f4218585e308b703346c2cd768ceb","NIGHTCLUBBED","0361519488bcafd9","12","","","human-review-v1","","",""
"human-golden-queue-v1","30e9d84fc23034ccb0eabac97f9e8f05b18f4218585e308b703346c2cd768ceb","NIMBY","91b3173200fcecbb","5","","","human-review-v1","","",""
"human-golden-queue-v1","30e9d84fc23034ccb0eabac97f9e8f05b18f4218585e308b703346c2cd768ceb","NINEPINS","c39a66f2eb0b782f","8","","","human-review-v1","","",""
"human-golden-queue-v1","30e9d84fc23034ccb0eabac97f9e8f05b18f4218585e308b703346c2cd768ceb","NIT","99e7548402d828e1","3","","","human-review-v1","","",""
"human-golden-queue-v1","30e9d84fc23034ccb0eabac97f9e8f05b18f4218585e308b703346c2cd768ceb","NIX","8c88b59dc75207c9","3","","","human-review-v1","","",""
"human-golden-queue-v1","30e9d84fc23034ccb0eabac97f9e8f05b18f4218585e308b703346c2cd768ceb","NM","bdc8ba324c4911c5","2","","","human-review-v1","","",""
"human-golden-queue-v1","30e9d84fc23034ccb0eabac97f9e8f05b18f4218585e308b703346c2cd768ceb","NOISINESS","a1e3d56b1d949e21","9","","","human-review-v1","","",""
"human-golden-queue-v1","30e9d84fc23034ccb0eabac97f9e8f05b18f4218585e308b703346c2cd768ceb","NOISOME","89eba3f2a8bb563e","7","","","human-review-v1","","",""
"human-golden-queue-v1","30e9d84fc23034ccb0eabac97f9e8f05b18f4218585e308b703346c2cd768ceb","NOMINALLY","dfca9dcad7e644ec","9","","","human-review-v1","","",""
"human-golden-queue-v1","30e9d84fc23034ccb0eabac97f9e8f05b18f4218585e308b703346c2cd768ceb","NONELASTIC","52b1a721b19fc9d0","10","","","human-review-v1","","",""
"human-golden-queue-v1","30e9d84fc23034ccb0eabac97f9e8f05b18f4218585e308b703346c2cd768ceb","NONPARTISAN","9e0a1ea330d4c937","11","","","human-review-v1","","",""
"human-golden-queue-v1","30e9d84fc23034ccb0eabac97f9e8f05b18f4218585e308b703346c2cd768ceb","NONPARTISANS","f777ea1ebfb48b78","12","","","human-review-v1","","",""
"human-golden-queue-v1","30e9d84fc23034ccb0eabac97f9e8f05b18f4218585e308b703346c2cd768ceb","NOODLES","24889ebd474e0448","7","","","human-review-v1","","",""
"human-golden-queue-v1","30e9d84fc23034ccb0eabac97f9e8f05b18f4218585e308b703346c2cd768ceb","NORI","295dcc8c75374860","4","","","human-review-v1","","",""
"human-golden-queue-v1","30e9d84fc23034ccb0eabac97f9e8f05b18f4218585e308b703346c2cd768ceb","NORIS","070d8c7f9912d642","5","","","human-review-v1","","",""
"human-golden-queue-v1","30e9d84fc23034ccb0eabac97f9e8f05b18f4218585e308b703346c2cd768ceb","NORMANDY","24fa615f066b7035","8","","","human-review-v1","","",""
"human-golden-queue-v1","30e9d84fc23034ccb0eabac97f9e8f05b18f4218585e308b703346c2cd768ceb","NOW","8611cfc760d90ba2","3","","","human-review-v1","","",""
"human-golden-queue-v1","30e9d84fc23034ccb0eabac97f9e8f05b18f4218585e308b703346c2cd768ceb","NSF","d5a54fccbc9b3e3f","3","","","human-review-v1","","",""
"human-golden-queue-v1","30e9d84fc23034ccb0eabac97f9e8f05b18f4218585e308b703346c2cd768ceb","NTH","f57730d287b3c712","3","","","human-review-v1","","",""
"human-golden-queue-v1","30e9d84fc23034ccb0eabac97f9e8f05b18f4218585e308b703346c2cd768ceb","NU","789d6027cce94f4c","2","","","human-review-v1","","",""
"human-golden-queue-v1","30e9d84fc23034ccb0eabac97f9e8f05b18f4218585e308b703346c2cd768ceb","NUB","09901cb73fbad3a0","3","","","human-review-v1","","",""
"human-golden-queue-v1","30e9d84fc23034ccb0eabac97f9e8f05b18f4218585e308b703346c2cd768ceb","NUTCASE","01454ba36709ae92","7","","","human-review-v1","","",""
"human-golden-queue-v1","30e9d84fc23034ccb0eabac97f9e8f05b18f4218585e308b703346c2cd768ceb","NYLON","6fe399301fe7e62f","5","","","human-review-v1","","",""
"human-golden-queue-v1","30e9d84fc23034ccb0eabac97f9e8f05b18f4218585e308b703346c2cd768ceb","NYMPHOMANIAC","8d130c99f558d5f8","12","","","human-review-v1","","",""
"human-golden-queue-v1","30e9d84fc23034ccb0eabac97f9e8f05b18f4218585e308b703346c2cd768ceb","OAF","2d44ada0d6a38edb","3","","","human-review-v1","","",""
"human-golden-queue-v1","30e9d84fc23034ccb0eabac97f9e8f05b18f4218585e308b703346c2cd768ceb","OARLOCKS","f234085fe6c52c32","8","","","human-review-v1","","",""
"human-golden-queue-v1","30e9d84fc23034ccb0eabac97f9e8f05b18f4218585e308b703346c2cd768ceb","OAS","c3484394e177f022","3","","","human-review-v1","","",""
"human-golden-queue-v1","30e9d84fc23034ccb0eabac97f9e8f05b18f4218585e308b703346c2cd768ceb","OAT","fa6c6514755faf6e","3","","","human-review-v1","","",""
"human-golden-queue-v1","30e9d84fc23034ccb0eabac97f9e8f05b18f4218585e308b703346c2cd768ceb","OBJECTIVELY","125504a11f99c381","11","","","human-review-v1","","",""
"human-golden-queue-v1","30e9d84fc23034ccb0eabac97f9e8f05b18f4218585e308b703346c2cd768ceb","OBJECTIVES","e507f1a86a002eca","10","","","human-review-v1","","",""
"human-golden-queue-v1","30e9d84fc23034ccb0eabac97f9e8f05b18f4218585e308b703346c2cd768ceb","OBJURGATING","a442722d26aa2eb4","11","","","human-review-v1","","",""
"human-golden-queue-v1","30e9d84fc23034ccb0eabac97f9e8f05b18f4218585e308b703346c2cd768ceb","OBSCUREST","45579a859b949a21","9","","","human-review-v1","","",""
"human-golden-queue-v1","30e9d84fc23034ccb0eabac97f9e8f05b18f4218585e308b703346c2cd768ceb","OBSERVATIONAL","c8c6c4eaba2b1d6c","13","","","human-review-v1","","",""
"human-golden-queue-v1","30e9d84fc23034ccb0eabac97f9e8f05b18f4218585e308b703346c2cd768ceb","OBSTETRICAL","bd182fcbd155511a","11","","","human-review-v1","","",""
"human-golden-queue-v1","30e9d84fc23034ccb0eabac97f9e8f05b18f4218585e308b703346c2cd768ceb","OBSTRUCTION","5b0997e2508a087c","11","","","human-review-v1","","",""
"human-golden-queue-v1","30e9d84fc23034ccb0eabac97f9e8f05b18f4218585e308b703346c2cd768ceb","OBSTRUCTIONIST","88651b8ebc49bf17","14","","","human-review-v1","","",""
"human-golden-queue-v1","30e9d84fc23034ccb0eabac97f9e8f05b18f4218585e308b703346c2cd768ceb","OCT","a51a60ccdb646461","3","","","human-review-v1","","",""
"human-golden-queue-v1","30e9d84fc23034ccb0eabac97f9e8f05b18f4218585e308b703346c2cd768ceb","OFF","f806ea26475104e0","3","","","human-review-v1","","",""
"human-golden-queue-v1","30e9d84fc23034ccb0eabac97f9e8f05b18f4218585e308b703346c2cd768ceb","OFT","520728a659b864a1","3","","","human-review-v1","","",""
"human-golden-queue-v1","30e9d84fc23034ccb0eabac97f9e8f05b18f4218585e308b703346c2cd768ceb","OH","107cf7e4a0092bf4","2","","","human-review-v1","","",""
"human-golden-queue-v1","30e9d84fc23034ccb0eabac97f9e8f05b18f4218585e308b703346c2cd768ceb","OHO","0d56ac8fad8a7441","3","","","human-review-v1","","",""
"human-golden-queue-v1","30e9d84fc23034ccb0eabac97f9e8f05b18f4218585e308b703346c2cd768ceb","OI","7b59d7e9ab0c1911","2","","","human-review-v1","","",""
"human-golden-queue-v1","30e9d84fc23034ccb0eabac97f9e8f05b18f4218585e308b703346c2cd768ceb","OILED","ef89418192b116f9","5","","","human-review-v1","","",""
"human-golden-queue-v1","30e9d84fc23034ccb0eabac97f9e8f05b18f4218585e308b703346c2cd768ceb","OLDER","dcf342b65e9b19f3","5","","","human-review-v1","","",""
"human-golden-queue-v1","30e9d84fc23034ccb0eabac97f9e8f05b18f4218585e308b703346c2cd768ceb","OLIGOCENE","3273dadbc40e4d89","9","","","human-review-v1","","",""
"human-golden-queue-v1","30e9d84fc23034ccb0eabac97f9e8f05b18f4218585e308b703346c2cd768ceb","OM","37982831e5e8b668","2","","","human-review-v1","","",""
"human-golden-queue-v1","30e9d84fc23034ccb0eabac97f9e8f05b18f4218585e308b703346c2cd768ceb","OMB","d4440e81f03392b0","3","","","human-review-v1","","",""
"human-golden-queue-v1","30e9d84fc23034ccb0eabac97f9e8f05b18f4218585e308b703346c2cd768ceb","OPALESCENT","6089d2f985b26e70","10","","","human-review-v1","","",""
"human-golden-queue-v1","30e9d84fc23034ccb0eabac97f9e8f05b18f4218585e308b703346c2cd768ceb","OPERATOR","233905cdad4e59d9","8","","","human-review-v1","","",""
"human-golden-queue-v1","30e9d84fc23034ccb0eabac97f9e8f05b18f4218585e308b703346c2cd768ceb","OPING","f846783acbe72780","5","","","human-review-v1","","",""
"human-golden-queue-v1","30e9d84fc23034ccb0eabac97f9e8f05b18f4218585e308b703346c2cd768ceb","OPOSSUM","0ce77fb309c7f64f","7","","","human-review-v1","","",""
"human-golden-queue-v1","30e9d84fc23034ccb0eabac97f9e8f05b18f4218585e308b703346c2cd768ceb","OPS","dcd2b59785704bf8","3","","","human-review-v1","","",""
"human-golden-queue-v1","30e9d84fc23034ccb0eabac97f9e8f05b18f4218585e308b703346c2cd768ceb","OPTIMIZING","8e2199da9d1d0c89","10","","","human-review-v1","","",""
"human-golden-queue-v1","30e9d84fc23034ccb0eabac97f9e8f05b18f4218585e308b703346c2cd768ceb","ORB","088df44d9a02bf24","3","","","human-review-v1","","",""
"human-golden-queue-v1","30e9d84fc23034ccb0eabac97f9e8f05b18f4218585e308b703346c2cd768ceb","ORC","eda9e729f1d1fa16","3","","","human-review-v1","","",""
"human-golden-queue-v1","30e9d84fc23034ccb0eabac97f9e8f05b18f4218585e308b703346c2cd768ceb","ORDINARILY","d5fd47474dcdc795","10","","","human-review-v1","","",""
"human-golden-queue-v1","30e9d84fc23034ccb0eabac97f9e8f05b18f4218585e308b703346c2cd768ceb","ORE","421d1416d65a9f7c","3","","","human-review-v1","","",""
"human-golden-queue-v1","30e9d84fc23034ccb0eabac97f9e8f05b18f4218585e308b703346c2cd768ceb","OUCH","c5898b09e2d89b68","4","","","human-review-v1","","",""
"human-golden-queue-v1","30e9d84fc23034ccb0eabac97f9e8f05b18f4218585e308b703346c2cd768ceb","OURSELVES","ad8fef983c7dc237","9","","","human-review-v1","","",""
"human-golden-queue-v1","30e9d84fc23034ccb0eabac97f9e8f05b18f4218585e308b703346c2cd768ceb","OUT","1f1330f68991c6d9","3","","","human-review-v1","","",""
"human-golden-queue-v1","30e9d84fc23034ccb0eabac97f9e8f05b18f4218585e308b703346c2cd768ceb","OUTBOUND","25bb845db543e87c","8","","","human-review-v1","","",""
"human-golden-queue-v1","30e9d84fc23034ccb0eabac97f9e8f05b18f4218585e308b703346c2cd768ceb","OUTFOXED","2e9a0c218581dfcf","8","","","human-review-v1","","",""
"human-golden-queue-v1","30e9d84fc23034ccb0eabac97f9e8f05b18f4218585e308b703346c2cd768ceb","OUTPLACE","211d5fd6442304c9","8","","","human-review-v1","","",""
"human-golden-queue-v1","30e9d84fc23034ccb0eabac97f9e8f05b18f4218585e308b703346c2cd768ceb","OUTSTAYS","7e54aa43b455ec7d","8","","","human-review-v1","","",""
"human-golden-queue-v1","30e9d84fc23034ccb0eabac97f9e8f05b18f4218585e308b703346c2cd768ceb","OVERCOOKED","d6a17048b900fb4b","10","","","human-review-v1","","",""
"human-golden-queue-v1","30e9d84fc23034ccb0eabac97f9e8f05b18f4218585e308b703346c2cd768ceb","OVERCOOKING","6cea9555145d714b","11","","","human-review-v1","","",""
"human-golden-queue-v1","30e9d84fc23034ccb0eabac97f9e8f05b18f4218585e308b703346c2cd768ceb","OVERFLOW","1724945f7895b2d1","8","","","human-review-v1","","",""
"human-golden-queue-v1","30e9d84fc23034ccb0eabac97f9e8f05b18f4218585e308b703346c2cd768ceb","OVERGROWTH","e93baeb4bf16fb3c","10","","","human-review-v1","","",""
"human-golden-queue-v1","30e9d84fc23034ccb0eabac97f9e8f05b18f4218585e308b703346c2cd768ceb","OVERNIGHT","eed594943b029f27","9","","","human-review-v1","","",""
"human-golden-queue-v1","30e9d84fc23034ccb0eabac97f9e8f05b18f4218585e308b703346c2cd768ceb","OVERPRAISE","86c65760569302ab","10","","","human-review-v1","","",""
"human-golden-queue-v1","30e9d84fc23034ccb0eabac97f9e8f05b18f4218585e308b703346c2cd768ceb","OVERREACT","5f775568e83c6126","9","","","human-review-v1","","",""
"human-golden-queue-v1","30e9d84fc23034ccb0eabac97f9e8f05b18f4218585e308b703346c2cd768ceb","OVERSHARE","51c5c42bf8a89b50","9","","","human-review-v1","","",""
"human-golden-queue-v1","30e9d84fc23034ccb0eabac97f9e8f05b18f4218585e308b703346c2cd768ceb","OVERSPREAD","c93107a06330a355","10","","","human-review-v1","","",""
"human-golden-queue-v1","30e9d84fc23034ccb0eabac97f9e8f05b18f4218585e308b703346c2cd768ceb","OWN","8e1f6661a82b2fa6","3","","","human-review-v1","","",""
"human-golden-queue-v1","30e9d84fc23034ccb0eabac97f9e8f05b18f4218585e308b703346c2cd768ceb","OWNERS","68087392f1c05ac0","6","","","human-review-v1","","",""
"human-golden-queue-v1","30e9d84fc23034ccb0eabac97f9e8f05b18f4218585e308b703346c2cd768ceb","OX","aa105f7586eb18f3","2","","","human-review-v1","","",""
"human-golden-queue-v1","30e9d84fc23034ccb0eabac97f9e8f05b18f4218585e308b703346c2cd768ceb","OXCARTS","8db459ffaaad4b80","7","","","human-review-v1","","",""
"human-golden-queue-v1","30e9d84fc23034ccb0eabac97f9e8f05b18f4218585e308b703346c2cd768ceb","OXIDASE","812b6f092976dfd1","7","","","human-review-v1","","",""
"human-golden-queue-v1","30e9d84fc23034ccb0eabac97f9e8f05b18f4218585e308b703346c2cd768ceb","PAC","7e9e3bd2009c8b4c","3","","","human-review-v1","","",""
"human-golden-queue-v1","30e9d84fc23034ccb0eabac97f9e8f05b18f4218585e308b703346c2cd768ceb","PAH","4eafaebb9d7eec81","3","","","human-review-v1","","",""
"human-golden-queue-v1","30e9d84fc23034ccb0eabac97f9e8f05b18f4218585e308b703346c2cd768ceb","PAIRWISE","1339d452ce744e22","8","","","human-review-v1","","",""
"human-golden-queue-v1","30e9d84fc23034ccb0eabac97f9e8f05b18f4218585e308b703346c2cd768ceb","PALATAL","5f5da83deb9cc795","7","","","human-review-v1","","",""
"human-golden-queue-v1","30e9d84fc23034ccb0eabac97f9e8f05b18f4218585e308b703346c2cd768ceb","PALAVER","2a5dd2d8fdfa209a","7","","","human-review-v1","","",""
"human-golden-queue-v1","30e9d84fc23034ccb0eabac97f9e8f05b18f4218585e308b703346c2cd768ceb","PALEO","7407f9cff803a1e3","5","","","human-review-v1","","",""
"human-golden-queue-v1","30e9d84fc23034ccb0eabac97f9e8f05b18f4218585e308b703346c2cd768ceb","PALOMINO","39ae07e17bd8d060","8","","","human-review-v1","","",""
"human-golden-queue-v1","30e9d84fc23034ccb0eabac97f9e8f05b18f4218585e308b703346c2cd768ceb","PANCAKING","d5bac62b03aef0e6","9","","","human-review-v1","","",""
"human-golden-queue-v1","30e9d84fc23034ccb0eabac97f9e8f05b18f4218585e308b703346c2cd768ceb","PANTYHOSE","80a2667a59a2f1d3","9","","","human-review-v1","","",""
"human-golden-queue-v1","30e9d84fc23034ccb0eabac97f9e8f05b18f4218585e308b703346c2cd768ceb","PAP","b4d4157ea72f8678","3","","","human-review-v1","","",""
"human-golden-queue-v1","30e9d84fc23034ccb0eabac97f9e8f05b18f4218585e308b703346c2cd768ceb","PAPILLAE","0cb5698c78bc05de","8","","","human-review-v1","","",""
"human-golden-queue-v1","30e9d84fc23034ccb0eabac97f9e8f05b18f4218585e308b703346c2cd768ceb","PARABLE","9cd7a73172ad28e0","7","","","human-review-v1","","",""
"human-golden-queue-v1","30e9d84fc23034ccb0eabac97f9e8f05b18f4218585e308b703346c2cd768ceb","PARACETAMOL","b7fdaf6d9fc563fe","11","","","human-review-v1","","",""
"human-golden-queue-v1","30e9d84fc23034ccb0eabac97f9e8f05b18f4218585e308b703346c2cd768ceb","PARADIGM","132338b7c33246c2","8","","","human-review-v1","","",""
"human-golden-queue-v1","30e9d84fc23034ccb0eabac97f9e8f05b18f4218585e308b703346c2cd768ceb","PARAMEDIC","d66a8d838efab7f5","9","","","human-review-v1","","",""
"human-golden-queue-v1","30e9d84fc23034ccb0eabac97f9e8f05b18f4218585e308b703346c2cd768ceb","PARAPROFESSIONAL","fadfe20cb70a9fa0","16","","","human-review-v1","","",""
"human-golden-queue-v1","30e9d84fc23034ccb0eabac97f9e8f05b18f4218585e308b703346c2cd768ceb","PARASAILING","e7a2e7a823c151df","11","","","human-review-v1","","",""
"human-golden-queue-v1","30e9d84fc23034ccb0eabac97f9e8f05b18f4218585e308b703346c2cd768ceb","PARATROOPERS","e3bde385dee4fb10","12","","","human-review-v1","","",""
"human-golden-queue-v1","30e9d84fc23034ccb0eabac97f9e8f05b18f4218585e308b703346c2cd768ceb","PARBOILING","bc77725d69491a3d","10","","","human-review-v1","","",""
"human-golden-queue-v1","30e9d84fc23034ccb0eabac97f9e8f05b18f4218585e308b703346c2cd768ceb","PARENTHESES","95acf0d892915170","11","","","human-review-v1","","",""
"human-golden-queue-v1","30e9d84fc23034ccb0eabac97f9e8f05b18f4218585e308b703346c2cd768ceb","PARKING","8a06433cb94d255b","7","","","human-review-v1","","",""
"human-golden-queue-v1","30e9d84fc23034ccb0eabac97f9e8f05b18f4218585e308b703346c2cd768ceb","PARKY","c9f610e641e12679","5","","","human-review-v1","","",""
"human-golden-queue-v1","30e9d84fc23034ccb0eabac97f9e8f05b18f4218585e308b703346c2cd768ceb","PARLOUS","ab25e68e9a82bc86","7","","","human-review-v1","","",""
"human-golden-queue-v1","30e9d84fc23034ccb0eabac97f9e8f05b18f4218585e308b703346c2cd768ceb","PARQUETS","5e1db1538cd011e2","8","","","human-review-v1","","",""
"human-golden-queue-v1","30e9d84fc23034ccb0eabac97f9e8f05b18f4218585e308b703346c2cd768ceb","PARTICIPLE","3d6d884391e528f3","10","","","human-review-v1","","",""
"human-golden-queue-v1","30e9d84fc23034ccb0eabac97f9e8f05b18f4218585e308b703346c2cd768ceb","PAT","0dcc164ec511cb13","3","","","human-review-v1","","",""
"human-golden-queue-v1","30e9d84fc23034ccb0eabac97f9e8f05b18f4218585e308b703346c2cd768ceb","PATCHIEST","78f201e9c952307d","9","","","human-review-v1","","",""
"human-golden-queue-v1","30e9d84fc23034ccb0eabac97f9e8f05b18f4218585e308b703346c2cd768ceb","PATCHWORKS","b226082ee943dc74","10","","","human-review-v1","","",""
"human-golden-queue-v1","30e9d84fc23034ccb0eabac97f9e8f05b18f4218585e308b703346c2cd768ceb","PATIENTS","cf9c76736560abaf","8","","","human-review-v1","","",""
"human-golden-queue-v1","30e9d84fc23034ccb0eabac97f9e8f05b18f4218585e308b703346c2cd768ceb","PAY","5b653611f2edc0f9","3","","","human-review-v1","","",""
"human-golden-queue-v1","30e9d84fc23034ccb0eabac97f9e8f05b18f4218585e308b703346c2cd768ceb","PBS","aad880b866f4fb84","3","","","human-review-v1","","",""
"human-golden-queue-v1","30e9d84fc23034ccb0eabac97f9e8f05b18f4218585e308b703346c2cd768ceb","PCP","5d81d0d16f06f19d","3","","","human-review-v1","","",""
"human-golden-queue-v1","30e9d84fc23034ccb0eabac97f9e8f05b18f4218585e308b703346c2cd768ceb","PCS","57a4381ab0f0a820","3","","","human-review-v1","","",""
"human-golden-queue-v1","30e9d84fc23034ccb0eabac97f9e8f05b18f4218585e308b703346c2cd768ceb","PD","613f06f6215ed030","2","","","human-review-v1","","",""
"human-golden-queue-v1","30e9d84fc23034ccb0eabac97f9e8f05b18f4218585e308b703346c2cd768ceb","PEASHOOTERS","d4395e95014d57a7","11","","","human-review-v1","","",""
"human-golden-queue-v1","30e9d84fc23034ccb0eabac97f9e8f05b18f4218585e308b703346c2cd768ceb","PEATY","d50f56c79f8cff12","5","","","human-review-v1","","",""
"human-golden-queue-v1","30e9d84fc23034ccb0eabac97f9e8f05b18f4218585e308b703346c2cd768ceb","PEE","e43b46c71fa76878","3","","","human-review-v1","","",""
"human-golden-queue-v1","30e9d84fc23034ccb0eabac97f9e8f05b18f4218585e308b703346c2cd768ceb","PEI","e07940a3995d60a9","3","","","human-review-v1","","",""
"human-golden-queue-v1","30e9d84fc23034ccb0eabac97f9e8f05b18f4218585e308b703346c2cd768ceb","PEKINGESE","23244d5c15365041","9","","","human-review-v1","","",""
"human-golden-queue-v1","30e9d84fc23034ccb0eabac97f9e8f05b18f4218585e308b703346c2cd768ceb","PEP","685d6274cbece5c1","3","","","human-review-v1","","",""
"human-golden-queue-v1","30e9d84fc23034ccb0eabac97f9e8f05b18f4218585e308b703346c2cd768ceb","PER","2eb844968d8ce883","3","","","human-review-v1","","",""
"human-golden-queue-v1","30e9d84fc23034ccb0eabac97f9e8f05b18f4218585e308b703346c2cd768ceb","PERAMBULATION","3d9f3ba2796776f2","13","","","human-review-v1","","",""
"human-golden-queue-v1","30e9d84fc23034ccb0eabac97f9e8f05b18f4218585e308b703346c2cd768ceb","PERFECTER","1cb374bc372a2969","9","","","human-review-v1","","",""
"human-golden-queue-v1","30e9d84fc23034ccb0eabac97f9e8f05b18f4218585e308b703346c2cd768ceb","PERTINACIOUS","441922ebf7e88042","12","","","human-review-v1","","",""
"human-golden-queue-v1","30e9d84fc23034ccb0eabac97f9e8f05b18f4218585e308b703346c2cd768ceb","PESSIMAL","61b6ff3b6e1c66a6","8","","","human-review-v1","","",""
"human-golden-queue-v1","30e9d84fc23034ccb0eabac97f9e8f05b18f4218585e308b703346c2cd768ceb","PESTICIDES","1daa52be3ef8dcc0","10","","","human-review-v1","","",""
"human-golden-queue-v1","30e9d84fc23034ccb0eabac97f9e8f05b18f4218585e308b703346c2cd768ceb","PETABYTE","181779545dccab12","8","","","human-review-v1","","",""
"human-golden-queue-v1","30e9d84fc23034ccb0eabac97f9e8f05b18f4218585e308b703346c2cd768ceb","PETROLOGY","19054ea99df5d5b7","9","","","human-review-v1","","",""
"human-golden-queue-v1","30e9d84fc23034ccb0eabac97f9e8f05b18f4218585e308b703346c2cd768ceb","PETTIFOGGING","51959704ecfd132a","12","","","human-review-v1","","",""
"human-golden-queue-v1","30e9d84fc23034ccb0eabac97f9e8f05b18f4218585e308b703346c2cd768ceb","PETTISHLY","97fef6d89c187794","9","","","human-review-v1","","",""
"human-golden-queue-v1","30e9d84fc23034ccb0eabac97f9e8f05b18f4218585e308b703346c2cd768ceb","PEW","9a5eac675a4b9899","3","","","human-review-v1","","",""
"human-golden-queue-v1","30e9d84fc23034ccb0eabac97f9e8f05b18f4218585e308b703346c2cd768ceb","PEWIT","b5cf09ce9f30c40c","5","","","human-review-v1","","",""
"human-golden-queue-v1","30e9d84fc23034ccb0eabac97f9e8f05b18f4218585e308b703346c2cd768ceb","PHALLUS","077b16a5a4ca9c69","7","","","human-review-v1","","",""
"human-golden-queue-v1","30e9d84fc23034ccb0eabac97f9e8f05b18f4218585e308b703346c2cd768ceb","PHD","377e01adea53460d","3","","","human-review-v1","","",""
"human-golden-queue-v1","30e9d84fc23034ccb0eabac97f9e8f05b18f4218585e308b703346c2cd768ceb","PHDS","5c09281a014f0c60","4","","","human-review-v1","","",""
"human-golden-queue-v1","30e9d84fc23034ccb0eabac97f9e8f05b18f4218585e308b703346c2cd768ceb","PHIS","33ce645f8fe49de5","4","","","human-review-v1","","",""
"human-golden-queue-v1","30e9d84fc23034ccb0eabac97f9e8f05b18f4218585e308b703346c2cd768ceb","PHOSPHORESCENTLY","e91e592fa47de51e","16","","","human-review-v1","","",""
"human-golden-queue-v1","30e9d84fc23034ccb0eabac97f9e8f05b18f4218585e308b703346c2cd768ceb","PHOTOGRAPHER","85d14d4d77626cf2","12","","","human-review-v1","","",""
"human-golden-queue-v1","30e9d84fc23034ccb0eabac97f9e8f05b18f4218585e308b703346c2cd768ceb","PHYLLO","c4b58c29193d0714","6","","","human-review-v1","","",""
"human-golden-queue-v1","30e9d84fc23034ccb0eabac97f9e8f05b18f4218585e308b703346c2cd768ceb","PICKETERS","097871ca8c9b7b61","9","","","human-review-v1","","",""
"human-golden-queue-v1","30e9d84fc23034ccb0eabac97f9e8f05b18f4218585e308b703346c2cd768ceb","PICKETS","1f650d13a19a695c","7","","","human-review-v1","","",""
"human-golden-queue-v1","30e9d84fc23034ccb0eabac97f9e8f05b18f4218585e308b703346c2cd768ceb","PIECING","f8e17b8a26fc7152","7","","","human-review-v1","","",""
"human-golden-queue-v1","30e9d84fc23034ccb0eabac97f9e8f05b18f4218585e308b703346c2cd768ceb","PIED","fe7a80fd9f38efed","4","","","human-review-v1","","",""
"human-golden-queue-v1","30e9d84fc23034ccb0eabac97f9e8f05b18f4218585e308b703346c2cd768ceb","PILATES","f4b2a26d0178c3ea","7","","","human-review-v1","","",""
"human-golden-queue-v1","30e9d84fc23034ccb0eabac97f9e8f05b18f4218585e308b703346c2cd768ceb","PIMPLIEST","e9c9671b02a39160","9","","","human-review-v1","","",""
"human-golden-queue-v1","30e9d84fc23034ccb0eabac97f9e8f05b18f4218585e308b703346c2cd768ceb","PINFEATHERS","309c13b417f76347","11","","","human-review-v1","","",""
"human-golden-queue-v1","30e9d84fc23034ccb0eabac97f9e8f05b18f4218585e308b703346c2cd768ceb","PINIONED","80298b135f729eb9","8","","","human-review-v1","","",""
"human-golden-queue-v1","30e9d84fc23034ccb0eabac97f9e8f05b18f4218585e308b703346c2cd768ceb","PINNATE","ea65f70dc976aed2","7","","","human-review-v1","","",""
"human-golden-queue-v1","30e9d84fc23034ccb0eabac97f9e8f05b18f4218585e308b703346c2cd768ceb","PIP","fc1d2a117922d8ea","3","","","human-review-v1","","",""
"human-golden-queue-v1","30e9d84fc23034ccb0eabac97f9e8f05b18f4218585e308b703346c2cd768ceb","PIPPINS","78ef9032662f1266","7","","","human-review-v1","","",""
"human-golden-queue-v1","30e9d84fc23034ccb0eabac97f9e8f05b18f4218585e308b703346c2cd768ceb","PIS","b9e7cc23ff4b7607","3","","","human-review-v1","","",""
"human-golden-queue-v1","30e9d84fc23034ccb0eabac97f9e8f05b18f4218585e308b703346c2cd768ceb","PLACINGS","6c995de3f0e79440","8","","","human-review-v1","","",""
"human-golden-queue-v1","30e9d84fc23034ccb0eabac97f9e8f05b18f4218585e308b703346c2cd768ceb","PLATS","9d1fe99744fd51fc","5","","","human-review-v1","","",""
"human-golden-queue-v1","30e9d84fc23034ccb0eabac97f9e8f05b18f4218585e308b703346c2cd768ceb","PLATY","eec07da04e29a149","5","","","human-review-v1","","",""
"human-golden-queue-v1","30e9d84fc23034ccb0eabac97f9e8f05b18f4218585e308b703346c2cd768ceb","PLO","4a27203dc47178ca","3","","","human-review-v1","","",""
"human-golden-queue-v1","30e9d84fc23034ccb0eabac97f9e8f05b18f4218585e308b703346c2cd768ceb","PLOTS","3d308045a39420aa","5","","","human-review-v1","","",""
"human-golden-queue-v1","30e9d84fc23034ccb0eabac97f9e8f05b18f4218585e308b703346c2cd768ceb","PLOTTERS","965f81abd1d2f419","8","","","human-review-v1","","",""
"human-golden-queue-v1","30e9d84fc23034ccb0eabac97f9e8f05b18f4218585e308b703346c2cd768ceb","PLUGS","0a82af6db566954a","5","","","human-review-v1","","",""
"human-golden-queue-v1","30e9d84fc23034ccb0eabac97f9e8f05b18f4218585e308b703346c2cd768ceb","PMS","2c4b56453072319d","3","","","human-review-v1","","",""
"human-golden-queue-v1","30e9d84fc23034ccb0eabac97f9e8f05b18f4218585e308b703346c2cd768ceb","POE","c9d1237db612550b","3","","","human-review-v1","","",""
"human-golden-queue-v1","30e9d84fc23034ccb0eabac97f9e8f05b18f4218585e308b703346c2cd768ceb","POI","b3ed72b23d2b5e0a","3","","","human-review-v1","","",""
"human-golden-queue-v1","30e9d84fc23034ccb0eabac97f9e8f05b18f4218585e308b703346c2cd768ceb","POL","f23fd20e88c78949","3","","","human-review-v1","","",""
"human-golden-queue-v1","30e9d84fc23034ccb0eabac97f9e8f05b18f4218585e308b703346c2cd768ceb","POLLUTANT","1b6cc473a2d34f15","9","","","human-review-v1","","",""
"human-golden-queue-v1","30e9d84fc23034ccb0eabac97f9e8f05b18f4218585e308b703346c2cd768ceb","POLLUTING","cbbd696fef7e9e57","9","","","human-review-v1","","",""
"human-golden-queue-v1","30e9d84fc23034ccb0eabac97f9e8f05b18f4218585e308b703346c2cd768ceb","POMADE","61e53da2204fb27a","6","","","human-review-v1","","",""
"human-golden-queue-v1","30e9d84fc23034ccb0eabac97f9e8f05b18f4218585e308b703346c2cd768ceb","PONCE","957a5a9368edf394","5","","","human-review-v1","","",""
"human-golden-queue-v1","30e9d84fc23034ccb0eabac97f9e8f05b18f4218585e308b703346c2cd768ceb","POOHED","ada7a669503df817","6","","","human-review-v1","","",""
"human-golden-queue-v1","30e9d84fc23034ccb0eabac97f9e8f05b18f4218585e308b703346c2cd768ceb","POPPET","1e2da4c059a9f58a","6","","","human-review-v1","","",""
"human-golden-queue-v1","30e9d84fc23034ccb0eabac97f9e8f05b18f4218585e308b703346c2cd768ceb","POPULARLY","c492fe3c455fb77f","9","","","human-review-v1","","",""
"human-golden-queue-v1","30e9d84fc23034ccb0eabac97f9e8f05b18f4218585e308b703346c2cd768ceb","PORTED","6b815675f5aed7e0","6","","","human-review-v1","","",""
"human-golden-queue-v1","30e9d84fc23034ccb0eabac97f9e8f05b18f4218585e308b703346c2cd768ceb","POSS","6af4e3515c9bf4b5","4","","","human-review-v1","","",""
"human-golden-queue-v1","30e9d84fc23034ccb0eabac97f9e8f05b18f4218585e308b703346c2cd768ceb","POTHOLE","d87a0a20dc8e5251","7","","","human-review-v1","","",""
"human-golden-queue-v1","30e9d84fc23034ccb0eabac97f9e8f05b18f4218585e308b703346c2cd768ceb","POTLUCKS","7233831758df6ba6","8","","","human-review-v1","","",""
"human-golden-queue-v1","30e9d84fc23034ccb0eabac97f9e8f05b18f4218585e308b703346c2cd768ceb","POW","e54db642bff78779","3","","","human-review-v1","","",""
"human-golden-queue-v1","30e9d84fc23034ccb0eabac97f9e8f05b18f4218585e308b703346c2cd768ceb","POWWOWS","b33bc792211a7d64","7","","","human-review-v1","","",""
"human-golden-queue-v1","30e9d84fc23034ccb0eabac97f9e8f05b18f4218585e308b703346c2cd768ceb","POX","dcc8c29f67e73176","3","","","human-review-v1","","",""
"human-golden-queue-v1","30e9d84fc23034ccb0eabac97f9e8f05b18f4218585e308b703346c2cd768ceb","PRANG","78058dd54981a17d","5","","","human-review-v1","","",""
"human-golden-queue-v1","30e9d84fc23034ccb0eabac97f9e8f05b18f4218585e308b703346c2cd768ceb","PRECIPICE","6a96222979b3a014","9","","","human-review-v1","","",""
"human-golden-queue-v1","30e9d84fc23034ccb0eabac97f9e8f05b18f4218585e308b703346c2cd768ceb","PRECONDITIONED","bad107ed6f5c4d79","14","","","human-review-v1","","",""
"human-golden-queue-v1","30e9d84fc23034ccb0eabac97f9e8f05b18f4218585e308b703346c2cd768ceb","PREDEFINED","bda3de9e6332d192","10","","","human-review-v1","","",""
"human-golden-queue-v1","30e9d84fc23034ccb0eabac97f9e8f05b18f4218585e308b703346c2cd768ceb","PREDICTABILITY","ad5f222b2d0f75a2","14","","","human-review-v1","","",""
"human-golden-queue-v1","30e9d84fc23034ccb0eabac97f9e8f05b18f4218585e308b703346c2cd768ceb","PREDISPOSE","c449795c7e35e29e","10","","","human-review-v1","","",""
"human-golden-queue-v1","30e9d84fc23034ccb0eabac97f9e8f05b18f4218585e308b703346c2cd768ceb","PREJUDICE","ac1d146d6639b7cc","9","","","human-review-v1","","",""
"human-golden-queue-v1","30e9d84fc23034ccb0eabac97f9e8f05b18f4218585e308b703346c2cd768ceb","PREPONDERANTLY","dc51b9a8c1cbef0a","14","","","human-review-v1","","",""
"human-golden-queue-v1","30e9d84fc23034ccb0eabac97f9e8f05b18f4218585e308b703346c2cd768ceb","PRESENTED","c91abdf3a1111594","9","","","human-review-v1","","",""
"human-golden-queue-v1","30e9d84fc23034ccb0eabac97f9e8f05b18f4218585e308b703346c2cd768ceb","PRESSURIZES","1192801a19941067","11","","","human-review-v1","","",""
"human-golden-queue-v1","30e9d84fc23034ccb0eabac97f9e8f05b18f4218585e308b703346c2cd768ceb","PRESUMPTION","58b94eb6a147ed40","11","","","human-review-v1","","",""
"human-golden-queue-v1","30e9d84fc23034ccb0eabac97f9e8f05b18f4218585e308b703346c2cd768ceb","PREVALENCE","1b3c0a847b8deea4","10","","","human-review-v1","","",""
"human-golden-queue-v1","30e9d84fc23034ccb0eabac97f9e8f05b18f4218585e308b703346c2cd768ceb","PREVARICATES","af73a63ada2ad549","12","","","human-review-v1","","",""
"human-golden-queue-v1","30e9d84fc23034ccb0eabac97f9e8f05b18f4218585e308b703346c2cd768ceb","PRO","2a93b1a676386d01","3","","","human-review-v1","","",""
"human-golden-queue-v1","30e9d84fc23034ccb0eabac97f9e8f05b18f4218585e308b703346c2cd768ceb","PROCEEDING","2426c2eabcf9d3f7","10","","","human-review-v1","","",""
"human-golden-queue-v1","30e9d84fc23034ccb0eabac97f9e8f05b18f4218585e308b703346c2cd768ceb","PROCLAIMS","2a52702c021514b6","9","","","human-review-v1","","",""
"human-golden-queue-v1","30e9d84fc23034ccb0eabac97f9e8f05b18f4218585e308b703346c2cd768ceb","PROFESSIONALIZED","f90ded30f9f08441","16","","","human-review-v1","","",""
"human-golden-queue-v1","30e9d84fc23034ccb0eabac97f9e8f05b18f4218585e308b703346c2cd768ceb","PROFICIENCIES","1d8c541beac989ce","13","","","human-review-v1","","",""
"human-golden-queue-v1","30e9d84fc23034ccb0eabac97f9e8f05b18f4218585e308b703346c2cd768ceb","PROHIBITIVE","ad5fa327736e8d72","11","","","human-review-v1","","",""
"human-golden-queue-v1","30e9d84fc23034ccb0eabac97f9e8f05b18f4218585e308b703346c2cd768ceb","PROLONGED","6262ec5fa81adbd7","9","","","human-review-v1","","",""
"human-golden-queue-v1","30e9d84fc23034ccb0eabac97f9e8f05b18f4218585e308b703346c2cd768ceb","PRONE","e6e0c6846e3cdea5","5","","","human-review-v1","","",""
"human-golden-queue-v1","30e9d84fc23034ccb0eabac97f9e8f05b18f4218585e308b703346c2cd768ceb","PRONOUNCEABLE","bbb903b8733a0d5b","13","","","human-review-v1","","",""
"human-golden-queue-v1","30e9d84fc23034ccb0eabac97f9e8f05b18f4218585e308b703346c2cd768ceb","PROOFREAD","b7ceabc749933964","9","","","human-review-v1","","",""
"human-golden-queue-v1","30e9d84fc23034ccb0eabac97f9e8f05b18f4218585e308b703346c2cd768ceb","PROPHESY","d772ac88cfa5add1","8","","","human-review-v1","","",""
"human-golden-queue-v1","30e9d84fc23034ccb0eabac97f9e8f05b18f4218585e308b703346c2cd768ceb","PROPITIATING","3f757d25206b8555","12","","","human-review-v1","","",""
"human-golden-queue-v1","30e9d84fc23034ccb0eabac97f9e8f05b18f4218585e308b703346c2cd768ceb","PROSECUTOR","c0e3b5d0dd8c02f8","10","","","human-review-v1","","",""
"human-golden-queue-v1","30e9d84fc23034ccb0eabac97f9e8f05b18f4218585e308b703346c2cd768ceb","PROSPEROUS","9cbc917e72369ba2","10","","","human-review-v1","","",""
"human-golden-queue-v1","30e9d84fc23034ccb0eabac97f9e8f05b18f4218585e308b703346c2cd768ceb","PROTOPLASM","8f5fce8356846017","10","","","human-review-v1","","",""
"human-golden-queue-v1","30e9d84fc23034ccb0eabac97f9e8f05b18f4218585e308b703346c2cd768ceb","PROTRACTOR","76f81738b8732568","10","","","human-review-v1","","",""
"human-golden-queue-v1","30e9d84fc23034ccb0eabac97f9e8f05b18f4218585e308b703346c2cd768ceb","PROVIDENTLY","dfa23e2946fc523c","11","","","human-review-v1","","",""
"human-golden-queue-v1","30e9d84fc23034ccb0eabac97f9e8f05b18f4218585e308b703346c2cd768ceb","PROVISIONAL","9c21473e176ab131","11","","","human-review-v1","","",""
"human-golden-queue-v1","30e9d84fc23034ccb0eabac97f9e8f05b18f4218585e308b703346c2cd768ceb","PSALMIST","a10a9fd291e78d47","8","","","human-review-v1","","",""
"human-golden-queue-v1","30e9d84fc23034ccb0eabac97f9e8f05b18f4218585e308b703346c2cd768ceb","PSEUDOS","aeb139522199b658","7","","","human-review-v1","","",""
"human-golden-queue-v1","30e9d84fc23034ccb0eabac97f9e8f05b18f4218585e308b703346c2cd768ceb","PSHAW","1f16f05db6b52fbe","5","","","human-review-v1","","",""
"human-golden-queue-v1","30e9d84fc23034ccb0eabac97f9e8f05b18f4218585e308b703346c2cd768ceb","PST","42fe93bd1bac5779","3","","","human-review-v1","","",""
"human-golden-queue-v1","30e9d84fc23034ccb0eabac97f9e8f05b18f4218585e308b703346c2cd768ceb","PTO","6727743f84168227","3","","","human-review-v1","","",""
"human-golden-queue-v1","30e9d84fc23034ccb0eabac97f9e8f05b18f4218585e308b703346c2cd768ceb","PUBIS","185b99ac0b358fb0","5","","","human-review-v1","","",""
"human-golden-queue-v1","30e9d84fc23034ccb0eabac97f9e8f05b18f4218585e308b703346c2cd768ceb","PUDS","c1b8e9a763f57698","4","","","human-review-v1","","",""
"human-golden-queue-v1","30e9d84fc23034ccb0eabac97f9e8f05b18f4218585e308b703346c2cd768ceb","PUFFINESS","76c12e2f52967039","9","","","human-review-v1","","",""
"human-golden-queue-v1","30e9d84fc23034ccb0eabac97f9e8f05b18f4218585e308b703346c2cd768ceb","PUG","6a82a6fd31e68d1d","3","","","human-review-v1","","",""
"human-golden-queue-v1","30e9d84fc23034ccb0eabac97f9e8f05b18f4218585e308b703346c2cd768ceb","PULPIER","34ec5645e74be250","7","","","human-review-v1","","",""
"human-golden-queue-v1","30e9d84fc23034ccb0eabac97f9e8f05b18f4218585e308b703346c2cd768ceb","PUMPERS","2f038058009b2f86","7","","","human-review-v1","","",""
"human-golden-queue-v1","30e9d84fc23034ccb0eabac97f9e8f05b18f4218585e308b703346c2cd768ceb","PUNCHED","5456b9fd3f1596ea","7","","","human-review-v1","","",""
"human-golden-queue-v1","30e9d84fc23034ccb0eabac97f9e8f05b18f4218585e308b703346c2cd768ceb","PUPPET","4f16e7dd791b39a6","6","","","human-review-v1","","",""
"human-golden-queue-v1","30e9d84fc23034ccb0eabac97f9e8f05b18f4218585e308b703346c2cd768ceb","PUREEING","32dd4518e6705da3","8","","","human-review-v1","","",""
"human-golden-queue-v1","30e9d84fc23034ccb0eabac97f9e8f05b18f4218585e308b703346c2cd768ceb","PURPLISH","89968416c2453e8f","8","","","human-review-v1","","",""
"human-golden-queue-v1","30e9d84fc23034ccb0eabac97f9e8f05b18f4218585e308b703346c2cd768ceb","PURPOSEFULNESS","f96a7ddf9fdba6c1","14","","","human-review-v1","","",""
"human-golden-queue-v1","30e9d84fc23034ccb0eabac97f9e8f05b18f4218585e308b703346c2cd768ceb","PUT","e08a3cb535032e21","3","","","human-review-v1","","",""
"human-golden-queue-v1","30e9d84fc23034ccb0eabac97f9e8f05b18f4218585e308b703346c2cd768ceb","PUZZLERS","815ad787924f6611","8","","","human-review-v1","","",""
"human-golden-queue-v1","30e9d84fc23034ccb0eabac97f9e8f05b18f4218585e308b703346c2cd768ceb","PVC","3d0a219eea9b4747","3","","","human-review-v1","","",""
"human-golden-queue-v1","30e9d84fc23034ccb0eabac97f9e8f05b18f4218585e308b703346c2cd768ceb","PWN","147d7c0dd91226b7","3","","","human-review-v1","","",""
"human-golden-queue-v1","30e9d84fc23034ccb0eabac97f9e8f05b18f4218585e308b703346c2cd768ceb","PYX","1901cffeb555da2a","3","","","human-review-v1","","",""
"human-golden-queue-v1","30e9d84fc23034ccb0eabac97f9e8f05b18f4218585e308b703346c2cd768ceb","QUA","8c69699ad2d8ee3f","3","","","human-review-v1","","",""
"human-golden-queue-v1","30e9d84fc23034ccb0eabac97f9e8f05b18f4218585e308b703346c2cd768ceb","QUADRATICS","bd9da0bdd8ec7922","10","","","human-review-v1","","",""
"human-golden-queue-v1","30e9d84fc23034ccb0eabac97f9e8f05b18f4218585e308b703346c2cd768ceb","QUADRILLIONS","823ef0b2bc9d3afc","12","","","human-review-v1","","",""
"human-golden-queue-v1","30e9d84fc23034ccb0eabac97f9e8f05b18f4218585e308b703346c2cd768ceb","QUADRIPLEGICS","8792f5d4d0becddf","13","","","human-review-v1","","",""
"human-golden-queue-v1","30e9d84fc23034ccb0eabac97f9e8f05b18f4218585e308b703346c2cd768ceb","QUADRIVIUM","6195bce8d08ffe87","10","","","human-review-v1","","",""
"human-golden-queue-v1","30e9d84fc23034ccb0eabac97f9e8f05b18f4218585e308b703346c2cd768ceb","QUARTERBACKS","6110ee4d0a5cd196","12","","","human-review-v1","","",""
"human-golden-queue-v1","30e9d84fc23034ccb0eabac97f9e8f05b18f4218585e308b703346c2cd768ceb","QUASARS","751aeb82c7330ed2","7","","","human-review-v1","","",""
"human-golden-queue-v1","30e9d84fc23034ccb0eabac97f9e8f05b18f4218585e308b703346c2cd768ceb","QUASHES","8a355a3b2b7b21c0","7","","","human-review-v1","","",""
"human-golden-queue-v1","30e9d84fc23034ccb0eabac97f9e8f05b18f4218585e308b703346c2cd768ceb","QUAVERS","5674526e7e0aa6ad","7","","","human-review-v1","","",""
"human-golden-queue-v1","30e9d84fc23034ccb0eabac97f9e8f05b18f4218585e308b703346c2cd768ceb","QUEERNESS","720ffe17f598ec08","9","","","human-review-v1","","",""
"human-golden-queue-v1","30e9d84fc23034ccb0eabac97f9e8f05b18f4218585e308b703346c2cd768ceb","QUESTED","a4ebca5cc252b29a","7","","","human-review-v1","","",""
"human-golden-queue-v1","30e9d84fc23034ccb0eabac97f9e8f05b18f4218585e308b703346c2cd768ceb","QUESTIONNAIRE","fc6f6782c5fe9704","13","","","human-review-v1","","",""
"human-golden-queue-v1","30e9d84fc23034ccb0eabac97f9e8f05b18f4218585e308b703346c2cd768ceb","QUINTESSENCES","85b8b1291464d759","13","","","human-review-v1","","",""
"human-golden-queue-v1","30e9d84fc23034ccb0eabac97f9e8f05b18f4218585e308b703346c2cd768ceb","QUINTUPLE","acbb124814a72125","9","","","human-review-v1","","",""
"human-golden-queue-v1","30e9d84fc23034ccb0eabac97f9e8f05b18f4218585e308b703346c2cd768ceb","QUOTE","0500ff61c51c38f8","5","","","human-review-v1","","",""
"human-golden-queue-v1","30e9d84fc23034ccb0eabac97f9e8f05b18f4218585e308b703346c2cd768ceb","RADIOPHONES","6c600bed6bcc9c84","11","","","human-review-v1","","",""
"human-golden-queue-v1","30e9d84fc23034ccb0eabac97f9e8f05b18f4218585e308b703346c2cd768ceb","RAF","ab8de549b3df4f00","3","","","human-review-v1","","",""
"human-golden-queue-v1","30e9d84fc23034ccb0eabac97f9e8f05b18f4218585e308b703346c2cd768ceb","RAGS","9187f777c2dd1735","4","","","human-review-v1","","",""
"human-golden-queue-v1","30e9d84fc23034ccb0eabac97f9e8f05b18f4218585e308b703346c2cd768ceb","RAIDERS","924324ac3d0e8264","7","","","human-review-v1","","",""
"human-golden-queue-v1","30e9d84fc23034ccb0eabac97f9e8f05b18f4218585e308b703346c2cd768ceb","RAN","9bf40e6b8c5566f7","3","","","human-review-v1","","",""
"human-golden-queue-v1","30e9d84fc23034ccb0eabac97f9e8f05b18f4218585e308b703346c2cd768ceb","RANKED","ef0e5481a1aedcc8","6","","","human-review-v1","","",""
"human-golden-queue-v1","30e9d84fc23034ccb0eabac97f9e8f05b18f4218585e308b703346c2cd768ceb","RAPPORTEUR","0dbf4bbb9d2f25e0","10","","","human-review-v1","","",""
"human-golden-queue-v1","30e9d84fc23034ccb0eabac97f9e8f05b18f4218585e308b703346c2cd768ceb","RASPBERRIES","b7eb8eb8b44bc6c4","11","","","human-review-v1","","",""
"human-golden-queue-v1","30e9d84fc23034ccb0eabac97f9e8f05b18f4218585e308b703346c2cd768ceb","RAVENOUSLY","5a71c33c802b9616","10","","","human-review-v1","","",""
"human-golden-queue-v1","30e9d84fc23034ccb0eabac97f9e8f05b18f4218585e308b703346c2cd768ceb","RAY","3170c76525dbdbdc","3","","","human-review-v1","","",""
"human-golden-queue-v1","30e9d84fc23034ccb0eabac97f9e8f05b18f4218585e308b703346c2cd768ceb","READIED","d7d94252541d0b54","7","","","human-review-v1","","",""
"human-golden-queue-v1","30e9d84fc23034ccb0eabac97f9e8f05b18f4218585e308b703346c2cd768ceb","READJUST","aab30e9975554053","8","","","human-review-v1","","",""
"human-golden-queue-v1","30e9d84fc23034ccb0eabac97f9e8f05b18f4218585e308b703346c2cd768ceb","READJUSTMENTS","84db3fab95e2e09a","13","","","human-review-v1","","",""
"human-golden-queue-v1","30e9d84fc23034ccb0eabac97f9e8f05b18f4218585e308b703346c2cd768ceb","REARRESTS","7e8fb6bb4069e97e","9","","","human-review-v1","","",""
"human-golden-queue-v1","30e9d84fc23034ccb0eabac97f9e8f05b18f4218585e308b703346c2cd768ceb","REASONED","f270165588471198","8","","","human-review-v1","","",""
"human-golden-queue-v1","30e9d84fc23034ccb0eabac97f9e8f05b18f4218585e308b703346c2cd768ceb","REATTAINS","45ad489366e35f03","9","","","human-review-v1","","",""
"human-golden-queue-v1","30e9d84fc23034ccb0eabac97f9e8f05b18f4218585e308b703346c2cd768ceb","REBATING","6d4824861efa36bf","8","","","human-review-v1","","",""
"human-golden-queue-v1","30e9d84fc23034ccb0eabac97f9e8f05b18f4218585e308b703346c2cd768ceb","REBID","b27f2b55dfdbc05a","5","","","human-review-v1","","",""
"human-golden-queue-v1","30e9d84fc23034ccb0eabac97f9e8f05b18f4218585e308b703346c2cd768ceb","REBIRTH","366634085d763292","7","","","human-review-v1","","",""
"human-golden-queue-v1","30e9d84fc23034ccb0eabac97f9e8f05b18f4218585e308b703346c2cd768ceb","RECALCULATED","19869e40f4ed65d4","12","","","human-review-v1","","",""
"human-golden-queue-v1","30e9d84fc23034ccb0eabac97f9e8f05b18f4218585e308b703346c2cd768ceb","RECALCULATIONS","b0b5e57e4a0713a5","14","","","human-review-v1","","",""
"human-golden-queue-v1","30e9d84fc23034ccb0eabac97f9e8f05b18f4218585e308b703346c2cd768ceb","RECALIBRATE","6d3e2f730b2dbccf","11","","","human-review-v1","","",""
"human-golden-queue-v1","30e9d84fc23034ccb0eabac97f9e8f05b18f4218585e308b703346c2cd768ceb","RECAPPED","493d14d90012f09b","8","","","human-review-v1","","",""
"human-golden-queue-v1","30e9d84fc23034ccb0eabac97f9e8f05b18f4218585e308b703346c2cd768ceb","RECITED","23843ac1caabffe7","7","","","human-review-v1","","",""
"human-golden-queue-v1","30e9d84fc23034ccb0eabac97f9e8f05b18f4218585e308b703346c2cd768ceb","RECOMMEND","4140c1544b88991f","9","","","human-review-v1","","",""
"human-golden-queue-v1","30e9d84fc23034ccb0eabac97f9e8f05b18f4218585e308b703346c2cd768ceb","RECON","2084311cbec99de6","5","","","human-review-v1","","",""
"human-golden-queue-v1","30e9d84fc23034ccb0eabac97f9e8f05b18f4218585e308b703346c2cd768ceb","RECONFIRMS","f04c8c3626bee5b3","10","","","human-review-v1","","",""
"human-golden-queue-v1","30e9d84fc23034ccb0eabac97f9e8f05b18f4218585e308b703346c2cd768ceb","RECONS","89a4bd19dcdb9c55","6","","","human-review-v1","","",""
"human-golden-queue-v1","30e9d84fc23034ccb0eabac97f9e8f05b18f4218585e308b703346c2cd768ceb","RECONSTITUTION","8a79b4e067a390a3","14","","","human-review-v1","","",""
"human-golden-queue-v1","30e9d84fc23034ccb0eabac97f9e8f05b18f4218585e308b703346c2cd768ceb","RECORD","32618a650becd31a","6","","","human-review-v1","","",""
"human-golden-queue-v1","30e9d84fc23034ccb0eabac97f9e8f05b18f4218585e308b703346c2cd768ceb","RECTO","648c0d35b47feea4","5","","","human-review-v1","","",""
"human-golden-queue-v1","30e9d84fc23034ccb0eabac97f9e8f05b18f4218585e308b703346c2cd768ceb","REDDER","f9e6c97c3a4b3c2a","6","","","human-review-v1","","",""
"human-golden-queue-v1","30e9d84fc23034ccb0eabac97f9e8f05b18f4218585e308b703346c2cd768ceb","REDIVIDE","13b7bb004c6ec2fa","8","","","human-review-v1","","",""
"human-golden-queue-v1","30e9d84fc23034ccb0eabac97f9e8f05b18f4218585e308b703346c2cd768ceb","REEDIEST","dd54eb5336e49090","8","","","human-review-v1","","",""
"human-golden-queue-v1","30e9d84fc23034ccb0eabac97f9e8f05b18f4218585e308b703346c2cd768ceb","REEDINESS","1887d50b090528f9","9","","","human-review-v1","","",""
"human-golden-queue-v1","30e9d84fc23034ccb0eabac97f9e8f05b18f4218585e308b703346c2cd768ceb","REF","1bfaf2b76cbd8662","3","","","human-review-v1","","",""
"human-golden-queue-v1","30e9d84fc23034ccb0eabac97f9e8f05b18f4218585e308b703346c2cd768ceb","REFASTEN","5d7f9dea1e5bb750","8","","","human-review-v1","","",""
"human-golden-queue-v1","30e9d84fc23034ccb0eabac97f9e8f05b18f4218585e308b703346c2cd768ceb","REGARDING","4963ff39d00881e1","9","","","human-review-v1","","",""
"human-golden-queue-v1","30e9d84fc23034ccb0eabac97f9e8f05b18f4218585e308b703346c2cd768ceb","REGIONALISMS","a2349acf1043783e","12","","","human-review-v1","","",""
"human-golden-queue-v1","30e9d84fc23034ccb0eabac97f9e8f05b18f4218585e308b703346c2cd768ceb","REGROWN","89ce442f87864465","7","","","human-review-v1","","",""
"human-golden-queue-v1","30e9d84fc23034ccb0eabac97f9e8f05b18f4218585e308b703346c2cd768ceb","REIMAGINING","69de7ce72e9ae965","11","","","human-review-v1","","",""
"human-golden-queue-v1","30e9d84fc23034ccb0eabac97f9e8f05b18f4218585e308b703346c2cd768ceb","REINCARNATED","1e1a7b4bad1beb92","12","","","human-review-v1","","",""
"human-golden-queue-v1","30e9d84fc23034ccb0eabac97f9e8f05b18f4218585e308b703346c2cd768ceb","REINSPECTING","88016e6b23dee16c","12","","","human-review-v1","","",""
"human-golden-queue-v1","30e9d84fc23034ccb0eabac97f9e8f05b18f4218585e308b703346c2cd768ceb","REIT","603498c13be9ee5b","4","","","human-review-v1","","",""
"human-golden-queue-v1","30e9d84fc23034ccb0eabac97f9e8f05b18f4218585e308b703346c2cd768ceb","REJUDGES","e37faf73a5155025","8","","","human-review-v1","","",""
"human-golden-queue-v1","30e9d84fc23034ccb0eabac97f9e8f05b18f4218585e308b703346c2cd768ceb","RELAX","ff034222d982b935","5","","","human-review-v1","","",""
"human-golden-queue-v1","30e9d84fc23034ccb0eabac97f9e8f05b18f4218585e308b703346c2cd768ceb","RELIEVERS","a2a85ffb4b898c37","9","","","human-review-v1","","",""
"human-golden-queue-v1","30e9d84fc23034ccb0eabac97f9e8f05b18f4218585e308b703346c2cd768ceb","RELIEVES","21f6ae7a5edf4793","8","","","human-review-v1","","",""
"human-golden-queue-v1","30e9d84fc23034ccb0eabac97f9e8f05b18f4218585e308b703346c2cd768ceb","RELIGHT","b8cf876f63df2c6e","7","","","human-review-v1","","",""
"human-golden-queue-v1","30e9d84fc23034ccb0eabac97f9e8f05b18f4218585e308b703346c2cd768ceb","REM","890d57a2aea1603e","3","","","human-review-v1","","",""
"human-golden-queue-v1","30e9d84fc23034ccb0eabac97f9e8f05b18f4218585e308b703346c2cd768ceb","REMAPPED","eb3e1280fd6381b5","8","","","human-review-v1","","",""
"human-golden-queue-v1","30e9d84fc23034ccb0eabac97f9e8f05b18f4218585e308b703346c2cd768ceb","REMITS","2734ce3dd3388225","6","","","human-review-v1","","",""
"human-golden-queue-v1","30e9d84fc23034ccb0eabac97f9e8f05b18f4218585e308b703346c2cd768ceb","RENDING","f5b681fc522f3920","7","","","human-review-v1","","",""
"human-golden-queue-v1","30e9d84fc23034ccb0eabac97f9e8f05b18f4218585e308b703346c2cd768ceb","RENOVATING","798c96c2b65c3c41","10","","","human-review-v1","","",""
"human-golden-queue-v1","30e9d84fc23034ccb0eabac97f9e8f05b18f4218585e308b703346c2cd768ceb","RENOVATOR","6ff850478cd45cac","9","","","human-review-v1","","",""
"human-golden-queue-v1","30e9d84fc23034ccb0eabac97f9e8f05b18f4218585e308b703346c2cd768ceb","RENUNCIATIONS","262683fef7408272","13","","","human-review-v1","","",""
"human-golden-queue-v1","30e9d84fc23034ccb0eabac97f9e8f05b18f4218585e308b703346c2cd768ceb","REP","fdf510154e52eb32","3","","","human-review-v1","","",""
"human-golden-queue-v1","30e9d84fc23034ccb0eabac97f9e8f05b18f4218585e308b703346c2cd768ceb","REPACKAGE","e494fb48643a419c","9","","","human-review-v1","","",""
"human-golden-queue-v1","30e9d84fc23034ccb0eabac97f9e8f05b18f4218585e308b703346c2cd768ceb","REPAINTS","0c9f3a903bf58bee","8","","","human-review-v1","","",""
"human-golden-queue-v1","30e9d84fc23034ccb0eabac97f9e8f05b18f4218585e308b703346c2cd768ceb","REPROBATE","ba4a5835d6f039a7","9","","","human-review-v1","","",""
"human-golden-queue-v1","30e9d84fc23034ccb0eabac97f9e8f05b18f4218585e308b703346c2cd768ceb","REPUBLISH","4edc04ea2902ff56","9","","","human-review-v1","","",""
"human-golden-queue-v1","30e9d84fc23034ccb0eabac97f9e8f05b18f4218585e308b703346c2cd768ceb","REPURPOSED","27bd5b73c51ebfd0","10","","","human-review-v1","","",""
"human-golden-queue-v1","30e9d84fc23034ccb0eabac97f9e8f05b18f4218585e308b703346c2cd768ceb","REPUTE","052828ee34179660","6","","","human-review-v1","","",""
"human-golden-queue-v1","30e9d84fc23034ccb0eabac97f9e8f05b18f4218585e308b703346c2cd768ceb","RESAT","fb45e2f535bec749","5","","","human-review-v1","","",""
"human-golden-queue-v1","30e9d84fc23034ccb0eabac97f9e8f05b18f4218585e308b703346c2cd768ceb","RESOLING","0eeb69576c976a5d","8","","","human-review-v1","","",""
"human-golden-queue-v1","30e9d84fc23034ccb0eabac97f9e8f05b18f4218585e308b703346c2cd768ceb","RESOWED","8577edcc95890873","7","","","human-review-v1","","",""
"human-golden-queue-v1","30e9d84fc23034ccb0eabac97f9e8f05b18f4218585e308b703346c2cd768ceb","RESPIRATION","1ec89456dc3cfb34","11","","","human-review-v1","","",""
"human-golden-queue-v1","30e9d84fc23034ccb0eabac97f9e8f05b18f4218585e308b703346c2cd768ceb","RESPONSE","c15e532434e69c01","8","","","human-review-v1","","",""
"human-golden-queue-v1","30e9d84fc23034ccb0eabac97f9e8f05b18f4218585e308b703346c2cd768ceb","RETAIN","af3914e3ebd69c6c","6","","","human-review-v1","","",""
"human-golden-queue-v1","30e9d84fc23034ccb0eabac97f9e8f05b18f4218585e308b703346c2cd768ceb","RETALIATED","5d672f56ff9e2543","10","","","human-review-v1","","",""
"human-golden-queue-v1","30e9d84fc23034ccb0eabac97f9e8f05b18f4218585e308b703346c2cd768ceb","RETCHING","f7b461815292e6de","8","","","human-review-v1","","",""
"human-golden-queue-v1","30e9d84fc23034ccb0eabac97f9e8f05b18f4218585e308b703346c2cd768ceb","RETINAS","5296cb298c3afbab","7","","","human-review-v1","","",""
"human-golden-queue-v1","30e9d84fc23034ccb0eabac97f9e8f05b18f4218585e308b703346c2cd768ceb","RETOUCHES","de813148b13ccac8","9","","","human-review-v1","","",""
"human-golden-queue-v1","30e9d84fc23034ccb0eabac97f9e8f05b18f4218585e308b703346c2cd768ceb","RETSINA","68bd1b5203a8b4a0","7","","","human-review-v1","","",""
"human-golden-queue-v1","30e9d84fc23034ccb0eabac97f9e8f05b18f4218585e308b703346c2cd768ceb","REVOLVER","fb672cf589b0fa0b","8","","","human-review-v1","","",""
"human-golden-queue-v1","30e9d84fc23034ccb0eabac97f9e8f05b18f4218585e308b703346c2cd768ceb","REX","d8767de310fc9de1","3","","","human-review-v1","","",""
"human-golden-queue-v1","30e9d84fc23034ccb0eabac97f9e8f05b18f4218585e308b703346c2cd768ceb","RFD","2cd901382e1aebdd","3","","","human-review-v1","","",""
"human-golden-queue-v1","30e9d84fc23034ccb0eabac97f9e8f05b18f4218585e308b703346c2cd768ceb","RHO","f4fef2a98e79ab78","3","","","human-review-v1","","",""
"human-golden-queue-v1","30e9d84fc23034ccb0eabac97f9e8f05b18f4218585e308b703346c2cd768ceb","RID","9b844b37c3905f5d","3","","","human-review-v1","","",""
"human-golden-queue-v1","30e9d84fc23034ccb0eabac97f9e8f05b18f4218585e308b703346c2cd768ceb","RIGIDLY","93d3d7f5876fae23","7","","","human-review-v1","","",""
"human-golden-queue-v1","30e9d84fc23034ccb0eabac97f9e8f05b18f4218585e308b703346c2cd768ceb","RINGED","fd9c58d76d39c543","6","","","human-review-v1","","",""
"human-golden-queue-v1","30e9d84fc23034ccb0eabac97f9e8f05b18f4218585e308b703346c2cd768ceb","RIO","d238f13a11e1509a","3","","","human-review-v1","","",""
"human-golden-queue-v1","30e9d84fc23034ccb0eabac97f9e8f05b18f4218585e308b703346c2cd768ceb","RIVALING","9064aeebffcc1c87","8","","","human-review-v1","","",""
"human-golden-queue-v1","30e9d84fc23034ccb0eabac97f9e8f05b18f4218585e308b703346c2cd768ceb","RIVE","949eba9beec375e1","4","","","human-review-v1","","",""
"human-golden-queue-v1","30e9d84fc23034ccb0eabac97f9e8f05b18f4218585e308b703346c2cd768ceb","RNA","fdc81eef8227b953","3","","","human-review-v1","","",""
"human-golden-queue-v1","30e9d84fc23034ccb0eabac97f9e8f05b18f4218585e308b703346c2cd768ceb","ROADSHOWS","600bdd778653127b","9","","","human-review-v1","","",""
"human-golden-queue-v1","30e9d84fc23034ccb0eabac97f9e8f05b18f4218585e308b703346c2cd768ceb","ROBOT","b94c467accbb1e11","5","","","human-review-v1","","",""
"human-golden-queue-v1","30e9d84fc23034ccb0eabac97f9e8f05b18f4218585e308b703346c2cd768ceb","ROE","c54b67b17d82aa27","3","","","human-review-v1","","",""
"human-golden-queue-v1","30e9d84fc23034ccb0eabac97f9e8f05b18f4218585e308b703346c2cd768ceb","ROLLS","05d561977193775f","5","","","human-review-v1","","",""
"human-golden-queue-v1","30e9d84fc23034ccb0eabac97f9e8f05b18f4218585e308b703346c2cd768ceb","ROM","2b6e98926ebdab6b","3","","","human-review-v1","","",""
"human-golden-queue-v1","30e9d84fc23034ccb0eabac97f9e8f05b18f4218585e308b703346c2cd768ceb","RONTGEN","c13702393f1a5ca0","7","","","human-review-v1","","",""
"human-golden-queue-v1","30e9d84fc23034ccb0eabac97f9e8f05b18f4218585e308b703346c2cd768ceb","ROOTER","d87d9c44b66f95ce","6","","","human-review-v1","","",""
"human-golden-queue-v1","30e9d84fc23034ccb0eabac97f9e8f05b18f4218585e308b703346c2cd768ceb","ROOTLESSNESS","d38ba47f37b66f48","12","","","human-review-v1","","",""
"human-golden-queue-v1","30e9d84fc23034ccb0eabac97f9e8f05b18f4218585e308b703346c2cd768ceb","ROTARY","6f8b798711e47920","6","","","human-review-v1","","",""
"human-golden-queue-v1","30e9d84fc23034ccb0eabac97f9e8f05b18f4218585e308b703346c2cd768ceb","ROTOTILLER","5adfb4d1842becf9","10","","","human-review-v1","","",""
"human-golden-queue-v1","30e9d84fc23034ccb0eabac97f9e8f05b18f4218585e308b703346c2cd768ceb","ROTTWEILER","0db1cbb44794c1b0","10","","","human-review-v1","","",""
"human-golden-queue-v1","30e9d84fc23034ccb0eabac97f9e8f05b18f4218585e308b703346c2cd768ceb","ROUST","0f4e11912f2c9cfc","5","","","human-review-v1","","",""
"human-golden-queue-v1","30e9d84fc23034ccb0eabac97f9e8f05b18f4218585e308b703346c2cd768ceb","ROVE","50cc398c1e335fed","4","","","human-review-v1","","",""
"human-golden-queue-v1","30e9d84fc23034ccb0eabac97f9e8f05b18f4218585e308b703346c2cd768ceb","RU","df902188003243af","2","","","human-review-v1","","",""
"human-golden-queue-v1","30e9d84fc23034ccb0eabac97f9e8f05b18f4218585e308b703346c2cd768ceb","RUN","b9843eee97802f93","3","","","human-review-v1","","",""
"human-golden-queue-v1","30e9d84fc23034ccb0eabac97f9e8f05b18f4218585e308b703346c2cd768ceb","RUSTLINGS","e8d2efa46582363a","9","","","human-review-v1","","",""
"human-golden-queue-v1","30e9d84fc23034ccb0eabac97f9e8f05b18f4218585e308b703346c2cd768ceb","RVS","90591b77fd9e0c25","3","","","human-review-v1","","",""
"human-golden-queue-v1","30e9d84fc23034ccb0eabac97f9e8f05b18f4218585e308b703346c2cd768ceb","RYE","ca0671807963808f","3","","","human-review-v1","","",""
"human-golden-queue-v1","30e9d84fc23034ccb0eabac97f9e8f05b18f4218585e308b703346c2cd768ceb","SA","a03fa7b7c58d0976","2","","","human-review-v1","","",""
"human-golden-queue-v1","30e9d84fc23034ccb0eabac97f9e8f05b18f4218585e308b703346c2cd768ceb","SABIN","520bc6ab84eeff27","5","","","human-review-v1","","",""
"human-golden-queue-v1","30e9d84fc23034ccb0eabac97f9e8f05b18f4218585e308b703346c2cd768ceb","SABOTAGE","1ade0fd1ad2b1991","8","","","human-review-v1","","",""
"human-golden-queue-v1","30e9d84fc23034ccb0eabac97f9e8f05b18f4218585e308b703346c2cd768ceb","SACKER","65d2e8eae151e0ee","6","","","human-review-v1","","",""
"human-golden-queue-v1","30e9d84fc23034ccb0eabac97f9e8f05b18f4218585e308b703346c2cd768ceb","SACRILEGIOUSLY","6fdcd1e4c9faeb16","14","","","human-review-v1","","",""
"human-golden-queue-v1","30e9d84fc23034ccb0eabac97f9e8f05b18f4218585e308b703346c2cd768ceb","SADDLER","e1079f880a6aeba2","7","","","human-review-v1","","",""
"human-golden-queue-v1","30e9d84fc23034ccb0eabac97f9e8f05b18f4218585e308b703346c2cd768ceb","SADDUCEE","8f10130b455e6f92","8","","","human-review-v1","","",""
"human-golden-queue-v1","30e9d84fc23034ccb0eabac97f9e8f05b18f4218585e308b703346c2cd768ceb","SAG","b1a61a4397f188fb","3","","","human-review-v1","","",""
"human-golden-queue-v1","30e9d84fc23034ccb0eabac97f9e8f05b18f4218585e308b703346c2cd768ceb","SAGELY","08406c6da8138648","6","","","human-review-v1","","",""
"human-golden-queue-v1","30e9d84fc23034ccb0eabac97f9e8f05b18f4218585e308b703346c2cd768ceb","SALAD","41c8a3d8fcab5c95","5","","","human-review-v1","","",""
"human-golden-queue-v1","30e9d84fc23034ccb0eabac97f9e8f05b18f4218585e308b703346c2cd768ceb","SALESGIRLS","c60ec27f3ede58a3","10","","","human-review-v1","","",""
"human-golden-queue-v1","30e9d84fc23034ccb0eabac97f9e8f05b18f4218585e308b703346c2cd768ceb","SALONIKA","b2576c93cc45b0dd","8","","","human-review-v1","","",""
"human-golden-queue-v1","30e9d84fc23034ccb0eabac97f9e8f05b18f4218585e308b703346c2cd768ceb","SAM","886bc562f2c13859","3","","","human-review-v1","","",""
"human-golden-queue-v1","30e9d84fc23034ccb0eabac97f9e8f05b18f4218585e308b703346c2cd768ceb","SANCTIONED","910a5ad7531a9310","10","","","human-review-v1","","",""
"human-golden-queue-v1","30e9d84fc23034ccb0eabac97f9e8f05b18f4218585e308b703346c2cd768ceb","SAPROPHYTE","c956cbb76a343d3b","10","","","human-review-v1","","",""
"human-golden-queue-v1","30e9d84fc23034ccb0eabac97f9e8f05b18f4218585e308b703346c2cd768ceb","SARCOPHAGUS","a5957e2841e8feb4","11","","","human-review-v1","","",""
"human-golden-queue-v1","30e9d84fc23034ccb0eabac97f9e8f05b18f4218585e308b703346c2cd768ceb","SAT","eea666b6fb45cd54","3","","","human-review-v1","","",""
"human-golden-queue-v1","30e9d84fc23034ccb0eabac97f9e8f05b18f4218585e308b703346c2cd768ceb","SAUNTERED","9800327e45c6ce7d","9","","","human-review-v1","","",""
"human-golden-queue-v1","30e9d84fc23034ccb0eabac97f9e8f05b18f4218585e308b703346c2cd768ceb","SAVAGEST","636f640ae4a7160f","8","","","human-review-v1","","",""
"human-golden-queue-v1","30e9d84fc23034ccb0eabac97f9e8f05b18f4218585e308b703346c2cd768ceb","SAVOY","bb5cec95f292da94","5","","","human-review-v1","","",""
"human-golden-queue-v1","30e9d84fc23034ccb0eabac97f9e8f05b18f4218585e308b703346c2cd768ceb","SAVVIEST","a6ecc293ddfd444d","8","","","human-review-v1","","",""
"human-golden-queue-v1","30e9d84fc23034ccb0eabac97f9e8f05b18f4218585e308b703346c2cd768ceb","SAW","c8b13344d714b093","3","","","human-review-v1","","",""
"human-golden-queue-v1","30e9d84fc23034ccb0eabac97f9e8f05b18f4218585e308b703346c2cd768ceb","SAX","91ff9c5889b2d217","3","","","human-review-v1","","",""
"human-golden-queue-v1","30e9d84fc23034ccb0eabac97f9e8f05b18f4218585e308b703346c2cd768ceb","SAY","e16f8c8353d3b128","3","","","human-review-v1","","",""
"human-golden-queue-v1","30e9d84fc23034ccb0eabac97f9e8f05b18f4218585e308b703346c2cd768ceb","SB","62f3a32cfb68bb8f","2","","","human-review-v1","","",""
"human-golden-queue-v1","30e9d84fc23034ccb0eabac97f9e8f05b18f4218585e308b703346c2cd768ceb","SCAD","7984b2d93a2be6d6","4","","","human-review-v1","","",""
"human-golden-queue-v1","30e9d84fc23034ccb0eabac97f9e8f05b18f4218585e308b703346c2cd768ceb","SCAMPI","dcafd2b9b6abef88","6","","","human-review-v1","","",""
"human-golden-queue-v1","30e9d84fc23034ccb0eabac97f9e8f05b18f4218585e308b703346c2cd768ceb","SCANDALOUSLY","50927f999af96ca4","12","","","human-review-v1","","",""
"human-golden-queue-v1","30e9d84fc23034ccb0eabac97f9e8f05b18f4218585e308b703346c2cd768ceb","SCANT","492ccee59680cd68","5","","","human-review-v1","","",""
"human-golden-queue-v1","30e9d84fc23034ccb0eabac97f9e8f05b18f4218585e308b703346c2cd768ceb","SCARPER","7bb78749e5c88ca6","7","","","human-review-v1","","",""
"human-golden-queue-v1","30e9d84fc23034ccb0eabac97f9e8f05b18f4218585e308b703346c2cd768ceb","SCARPERING","2e13056d928bf396","10","","","human-review-v1","","",""
"human-golden-queue-v1","30e9d84fc23034ccb0eabac97f9e8f05b18f4218585e308b703346c2cd768ceb","SCHUSSES","91c72016bd2d9394","8","","","human-review-v1","","",""
"human-golden-queue-v1","30e9d84fc23034ccb0eabac97f9e8f05b18f4218585e308b703346c2cd768ceb","SCISSOR","959230a06cfde5e3","7","","","human-review-v1","","",""
"human-golden-queue-v1","30e9d84fc23034ccb0eabac97f9e8f05b18f4218585e308b703346c2cd768ceb","SCOURGES","a3a6ac489fa54ce6","8","","","human-review-v1","","",""
"human-golden-queue-v1","30e9d84fc23034ccb0eabac97f9e8f05b18f4218585e308b703346c2cd768ceb","SCRAMBLES","66ea9b776b85ecc3","9","","","human-review-v1","","",""
"human-golden-queue-v1","30e9d84fc23034ccb0eabac97f9e8f05b18f4218585e308b703346c2cd768ceb","SCRATCHIEST","e2c362a13a718067","11","","","human-review-v1","","",""
"human-golden-queue-v1","30e9d84fc23034ccb0eabac97f9e8f05b18f4218585e308b703346c2cd768ceb","SCRIM","89c6a1cbee4a6564","5","","","human-review-v1","","",""
"human-golden-queue-v1","30e9d84fc23034ccb0eabac97f9e8f05b18f4218585e308b703346c2cd768ceb","SCRIMMAGED","7ed03cf381384ff8","10","","","human-review-v1","","",""
"human-golden-queue-v1","30e9d84fc23034ccb0eabac97f9e8f05b18f4218585e308b703346c2cd768ceb","SCRUMMAGE","ecc99080d8989592","9","","","human-review-v1","","",""
"human-golden-queue-v1","30e9d84fc23034ccb0eabac97f9e8f05b18f4218585e308b703346c2cd768ceb","SCRUMPED","c356ef704f9f2aea","8","","","human-review-v1","","",""
"human-golden-queue-v1","30e9d84fc23034ccb0eabac97f9e8f05b18f4218585e308b703346c2cd768ceb","SCUMBAGS","83557bab9235654a","8","","","human-review-v1","","",""
"human-golden-queue-v1","30e9d84fc23034ccb0eabac97f9e8f05b18f4218585e308b703346c2cd768ceb","SEAFRONTS","c979de4717b26cd4","9","","","human-review-v1","","",""
"human-golden-queue-v1","30e9d84fc23034ccb0eabac97f9e8f05b18f4218585e308b703346c2cd768ceb","SEAMSTRESS","a021199566387104","10","","","human-review-v1","","",""
"human-golden-queue-v1","30e9d84fc23034ccb0eabac97f9e8f05b18f4218585e308b703346c2cd768ceb","SEASCAPE","61b4c00585948def","8","","","human-review-v1","","",""
"human-golden-queue-v1","30e9d84fc23034ccb0eabac97f9e8f05b18f4218585e308b703346c2cd768ceb","SEC","198ceadeb3fe083c","3","","","human-review-v1","","",""
"human-golden-queue-v1","30e9d84fc23034ccb0eabac97f9e8f05b18f4218585e308b703346c2cd768ceb","SECONDARY","b640a2409b157017","9","","","human-review-v1","","",""
"human-golden-queue-v1","30e9d84fc23034ccb0eabac97f9e8f05b18f4218585e308b703346c2cd768ceb","SECRETED","be7739ebd4213bd5","8","","","human-review-v1","","",""
"human-golden-queue-v1","30e9d84fc23034ccb0eabac97f9e8f05b18f4218585e308b703346c2cd768ceb","SECRETES","b5cec0339763ed4e","8","","","human-review-v1","","",""
"human-golden-queue-v1","30e9d84fc23034ccb0eabac97f9e8f05b18f4218585e308b703346c2cd768ceb","SELFHOOD","53981dccf0f5db84","8","","","human-review-v1","","",""
"human-golden-queue-v1","30e9d84fc23034ccb0eabac97f9e8f05b18f4218585e308b703346c2cd768ceb","SELFIES","ba7144f9f128514a","7","","","human-review-v1","","",""
"human-golden-queue-v1","30e9d84fc23034ccb0eabac97f9e8f05b18f4218585e308b703346c2cd768ceb","SEMARANG","779e77976c61c4df","8","","","human-review-v1","","",""
"human-golden-queue-v1","30e9d84fc23034ccb0eabac97f9e8f05b18f4218585e308b703346c2cd768ceb","SEMIAUTOMATIC","88169fa64bc9b2cb","13","","","human-review-v1","","",""
"human-golden-queue-v1","30e9d84fc23034ccb0eabac97f9e8f05b18f4218585e308b703346c2cd768ceb","SEMITRANSPARENT","a4214ba927a34fef","15","","","human-review-v1","","",""
"human-golden-queue-v1","30e9d84fc23034ccb0eabac97f9e8f05b18f4218585e308b703346c2cd768ceb","SEQUENCERS","b75fc240436f1b9c","10","","","human-review-v1","","",""
"human-golden-queue-v1","30e9d84fc23034ccb0eabac97f9e8f05b18f4218585e308b703346c2cd768ceb","SEQUIN","70ca9eaed5822961","6","","","human-review-v1","","",""
"human-golden-queue-v1","30e9d84fc23034ccb0eabac97f9e8f05b18f4218585e308b703346c2cd768ceb","SERIES","74e092896df085fc","6","","","human-review-v1","","",""
"human-golden-queue-v1","30e9d84fc23034ccb0eabac97f9e8f05b18f4218585e308b703346c2cd768ceb","SET","d8f186460325dab4","3","","","human-review-v1","","",""
"human-golden-queue-v1","30e9d84fc23034ccb0eabac97f9e8f05b18f4218585e308b703346c2cd768ceb","SEWN","0a622092883cae95","4","","","human-review-v1","","",""
"human-golden-queue-v1","30e9d84fc23034ccb0eabac97f9e8f05b18f4218585e308b703346c2cd768ceb","SEXTET","4f468976b47973f1","6","","","human-review-v1","","",""
"human-golden-queue-v1","30e9d84fc23034ccb0eabac97f9e8f05b18f4218585e308b703346c2cd768ceb","SGML","1aa771c98d1872b9","4","","","human-review-v1","","",""
"human-golden-queue-v1","30e9d84fc23034ccb0eabac97f9e8f05b18f4218585e308b703346c2cd768ceb","SHAD","d96c33ebc93fc9a1","4","","","human-review-v1","","",""
"human-golden-queue-v1","30e9d84fc23034ccb0eabac97f9e8f05b18f4218585e308b703346c2cd768ceb","SHALLOWEST","5de3ae0e33e97193","10","","","human-review-v1","","",""
"human-golden-queue-v1","30e9d84fc23034ccb0eabac97f9e8f05b18f4218585e308b703346c2cd768ceb","SHEAF","73aefb7dc040c0c6","5","","","human-review-v1","","",""
"human-golden-queue-v1","30e9d84fc23034ccb0eabac97f9e8f05b18f4218585e308b703346c2cd768ceb","SHEATHING","3a189ef714895220","9","","","human-review-v1","","",""
"human-golden-queue-v1","30e9d84fc23034ccb0eabac97f9e8f05b18f4218585e308b703346c2cd768ceb","SHENANIGANS","cf5f9b7e2ab32dfc","11","","","human-review-v1","","",""
"human-golden-queue-v1","30e9d84fc23034ccb0eabac97f9e8f05b18f4218585e308b703346c2cd768ceb","SHIMMERY","3ce1797f831a9556","8","","","human-review-v1","","",""
"human-golden-queue-v1","30e9d84fc23034ccb0eabac97f9e8f05b18f4218585e308b703346c2cd768ceb","SHIRTTAILS","62027ab682be61a5","10","","","human-review-v1","","",""
"human-golden-queue-v1","30e9d84fc23034ccb0eabac97f9e8f05b18f4218585e308b703346c2cd768ceb","SHOEBOXES","21ab5165ebc1aba1","9","","","human-review-v1","","",""
"human-golden-queue-v1","30e9d84fc23034ccb0eabac97f9e8f05b18f4218585e308b703346c2cd768ceb","SHORTNESS","ac7e7800c3cadc4f","9","","","human-review-v1","","",""
"human-golden-queue-v1","30e9d84fc23034ccb0eabac97f9e8f05b18f4218585e308b703346c2cd768ceb","SHOWJUMPING","9d96690818122905","11","","","human-review-v1","","",""
"human-golden-queue-v1","30e9d84fc23034ccb0eabac97f9e8f05b18f4218585e308b703346c2cd768ceb","SHROUDING","986c57e5e2796083","9","","","human-review-v1","","",""
"human-golden-queue-v1","30e9d84fc23034ccb0eabac97f9e8f05b18f4218585e308b703346c2cd768ceb","SICKED","64ba16a85718a656","6","","","human-review-v1","","",""
"human-golden-queue-v1","30e9d84fc23034ccb0eabac97f9e8f05b18f4218585e308b703346c2cd768ceb","SIDESTEP","a9eab28561f1df78","8","","","human-review-v1","","",""
"human-golden-queue-v1","30e9d84fc23034ccb0eabac97f9e8f05b18f4218585e308b703346c2cd768ceb","SIDESTEPPING","b205f1430c2b1e92","12","","","human-review-v1","","",""
"human-golden-queue-v1","30e9d84fc23034ccb0eabac97f9e8f05b18f4218585e308b703346c2cd768ceb","SIGNALIZING","592df594102d7071","11","","","human-review-v1","","",""
"human-golden-queue-v1","30e9d84fc23034ccb0eabac97f9e8f05b18f4218585e308b703346c2cd768ceb","SILKSCREEN","9f6c2a77cbaa2009","10","","","human-review-v1","","",""
"human-golden-queue-v1","30e9d84fc23034ccb0eabac97f9e8f05b18f4218585e308b703346c2cd768ceb","SILL","3384b93a95aaafb8","4","","","human-review-v1","","",""
"human-golden-queue-v1","30e9d84fc23034ccb0eabac97f9e8f05b18f4218585e308b703346c2cd768ceb","SILTIER","5be06509c1c89005","7","","","human-review-v1","","",""
"human-golden-queue-v1","30e9d84fc23034ccb0eabac97f9e8f05b18f4218585e308b703346c2cd768ceb","SIM","491fbbc22231e0fb","3","","","human-review-v1","","",""
"human-golden-queue-v1","30e9d84fc23034ccb0eabac97f9e8f05b18f4218585e308b703346c2cd768ceb","SIMMERED","3ebe302764c5c78b","8","","","human-review-v1","","",""
"human-golden-queue-v1","30e9d84fc23034ccb0eabac97f9e8f05b18f4218585e308b703346c2cd768ceb","SIMPERS","b687482ef93b139b","7","","","human-review-v1","","",""
"human-golden-queue-v1","30e9d84fc23034ccb0eabac97f9e8f05b18f4218585e308b703346c2cd768ceb","SINGER","d9476cdc068ccd04","6","","","human-review-v1","","",""
"human-golden-queue-v1","30e9d84fc23034ccb0eabac97f9e8f05b18f4218585e308b703346c2cd768ceb","SINGLET","edec52cdfa1b7e54","7","","","human-review-v1","","",""
"human-golden-queue-v1","30e9d84fc23034ccb0eabac97f9e8f05b18f4218585e308b703346c2cd768ceb","SIS","04e8939b7a1a4c38","3","","","human-review-v1","","",""
"human-golden-queue-v1","30e9d84fc23034ccb0eabac97f9e8f05b18f4218585e308b703346c2cd768ceb","SKATEBOARDS","5f6b0542cda24e4c","11","","","human-review-v1","","",""
"human-golden-queue-v1","30e9d84fc23034ccb0eabac97f9e8f05b18f4218585e308b703346c2cd768ceb","SKIVING","bd494caf613bcc6f","7","","","human-review-v1","","",""
"human-golden-queue-v1","30e9d84fc23034ccb0eabac97f9e8f05b18f4218585e308b703346c2cd768ceb","SKULKERS","e0f24f350dbef2c3","8","","","human-review-v1","","",""
"human-golden-queue-v1","30e9d84fc23034ccb0eabac97f9e8f05b18f4218585e308b703346c2cd768ceb","SLANTWISE","c224b371f9d15b1c","9","","","human-review-v1","","",""
"human-golden-queue-v1","30e9d84fc23034ccb0eabac97f9e8f05b18f4218585e308b703346c2cd768ceb","SLAUGHTERERS","1d0809c54cfb055b","12","","","human-review-v1","","",""
"human-golden-queue-v1","30e9d84fc23034ccb0eabac97f9e8f05b18f4218585e308b703346c2cd768ceb","SLAUGHTERING","69df58e5e805d417","12","","","human-review-v1","","",""
"human-golden-queue-v1","30e9d84fc23034ccb0eabac97f9e8f05b18f4218585e308b703346c2cd768ceb","SLEIGHTS","afc996d878cd357f","8","","","human-review-v1","","",""
"human-golden-queue-v1","30e9d84fc23034ccb0eabac97f9e8f05b18f4218585e308b703346c2cd768ceb","SLINGBACKS","4d2bb36e7b8c25c0","10","","","human-review-v1","","",""
"human-golden-queue-v1","30e9d84fc23034ccb0eabac97f9e8f05b18f4218585e308b703346c2cd768ceb","SLINGSHOTS","fe31ae50d51a452a","10","","","human-review-v1","","",""
"human-golden-queue-v1","30e9d84fc23034ccb0eabac97f9e8f05b18f4218585e308b703346c2cd768ceb","SLOPED","4a070bc9be98b3e6","6","","","human-review-v1","","",""
"human-golden-queue-v1","30e9d84fc23034ccb0eabac97f9e8f05b18f4218585e308b703346c2cd768ceb","SLOTTED","90cdb46ea10d8b64","7","","","human-review-v1","","",""
"human-golden-queue-v1","30e9d84fc23034ccb0eabac97f9e8f05b18f4218585e308b703346c2cd768ceb","SMACKER","26c8861ff8feeed1","7","","","human-review-v1","","",""
"human-golden-queue-v1","30e9d84fc23034ccb0eabac97f9e8f05b18f4218585e308b703346c2cd768ceb","SMACKING","cdfb96b3278884c1","8","","","human-review-v1","","",""
"human-golden-queue-v1","30e9d84fc23034ccb0eabac97f9e8f05b18f4218585e308b703346c2cd768ceb","SNARLING","b6aab79a0ff50bf8","8","","","human-review-v1","","",""
"human-golden-queue-v1","30e9d84fc23034ccb0eabac97f9e8f05b18f4218585e308b703346c2cd768ceb","SNICKS","7b1c00af7f039c84","6","","","human-review-v1","","",""
"human-golden-queue-v1","30e9d84fc23034ccb0eabac97f9e8f05b18f4218585e308b703346c2cd768ceb","SNOG","ae3321581db96e5f","4","","","human-review-v1","","",""
"human-golden-queue-v1","30e9d84fc23034ccb0eabac97f9e8f05b18f4218585e308b703346c2cd768ceb","SNOOD","847f8b4cfad7c380","5","","","human-review-v1","","",""
"human-golden-queue-v1","30e9d84fc23034ccb0eabac97f9e8f05b18f4218585e308b703346c2cd768ceb","SNOOPS","5cc1102d5eb817e4","6","","","human-review-v1","","",""
"human-golden-queue-v1","30e9d84fc23034ccb0eabac97f9e8f05b18f4218585e308b703346c2cd768ceb","SNOTTIER","1d372618dce1d4e0","8","","","human-review-v1","","",""
"human-golden-queue-v1","30e9d84fc23034ccb0eabac97f9e8f05b18f4218585e308b703346c2cd768ceb","SOBER","7827889ef7aa57a2","5","","","human-review-v1","","",""
"human-golden-queue-v1","30e9d84fc23034ccb0eabac97f9e8f05b18f4218585e308b703346c2cd768ceb","SOCKEYE","7baee3be0836b634","7","","","human-review-v1","","",""
"human-golden-queue-v1","30e9d84fc23034ccb0eabac97f9e8f05b18f4218585e308b703346c2cd768ceb","SOL","40b4e769a5db93fb","3","","","human-review-v1","","",""
"human-golden-queue-v1","30e9d84fc23034ccb0eabac97f9e8f05b18f4218585e308b703346c2cd768ceb","SOLILOQUIZING","9d02f1f77e7e66bb","13","","","human-review-v1","","",""
"human-golden-queue-v1","30e9d84fc23034ccb0eabac97f9e8f05b18f4218585e308b703346c2cd768ceb","SORES","da1381b86e51b855","5","","","human-review-v1","","",""
"human-golden-queue-v1","30e9d84fc23034ccb0eabac97f9e8f05b18f4218585e308b703346c2cd768ceb","SORROWS","8bf77ecbebfd01ba","7","","","human-review-v1","","",""
"human-golden-queue-v1","30e9d84fc23034ccb0eabac97f9e8f05b18f4218585e308b703346c2cd768ceb","SOT","5df26bd24558c72c","3","","","human-review-v1","","",""
"human-golden-queue-v1","30e9d84fc23034ccb0eabac97f9e8f05b18f4218585e308b703346c2cd768ceb","SOUND","96346631668a705c","5","","","human-review-v1","","",""
"human-golden-queue-v1","30e9d84fc23034ccb0eabac97f9e8f05b18f4218585e308b703346c2cd768ceb","SOUREST","122fa9266a0edf9f","7","","","human-review-v1","","",""
"human-golden-queue-v1","30e9d84fc23034ccb0eabac97f9e8f05b18f4218585e308b703346c2cd768ceb","SOUTHEAST","4b03271973945e52","9","","","human-review-v1","","",""
"human-golden-queue-v1","30e9d84fc23034ccb0eabac97f9e8f05b18f4218585e308b703346c2cd768ceb","SOY","d423c801ee77d73d","3","","","human-review-v1","","",""
"human-golden-queue-v1","30e9d84fc23034ccb0eabac97f9e8f05b18f4218585e308b703346c2cd768ceb","SPACETIME","064dbdbbe9f64d8f","9","","","human-review-v1","","",""
"human-golden-queue-v1","30e9d84fc23034ccb0eabac97f9e8f05b18f4218585e308b703346c2cd768ceb","SPADICES","5c070c957ef5f748","8","","","human-review-v1","","",""
"human-golden-queue-v1","30e9d84fc23034ccb0eabac97f9e8f05b18f4218585e308b703346c2cd768ceb","SPANISH","413ea9fabe9f53f4","7","","","human-review-v1","","",""
"human-golden-queue-v1","30e9d84fc23034ccb0eabac97f9e8f05b18f4218585e308b703346c2cd768ceb","SPANKS","00f281c536623210","6","","","human-review-v1","","",""
"human-golden-queue-v1","30e9d84fc23034ccb0eabac97f9e8f05b18f4218585e308b703346c2cd768ceb","SPARSENESS","8925f28bfddcf372","10","","","human-review-v1","","",""
"human-golden-queue-v1","30e9d84fc23034ccb0eabac97f9e8f05b18f4218585e308b703346c2cd768ceb","SPECKED","1bcdcb1f6a514f34","7","","","human-review-v1","","",""
"human-golden-queue-v1","30e9d84fc23034ccb0eabac97f9e8f05b18f4218585e308b703346c2cd768ceb","SPINNER","8d60badd32abd150","7","","","human-review-v1","","",""
"human-golden-queue-v1","30e9d84fc23034ccb0eabac97f9e8f05b18f4218585e308b703346c2cd768ceb","SPINSTER","8f61de042f34d3b7","8","","","human-review-v1","","",""
"human-golden-queue-v1","30e9d84fc23034ccb0eabac97f9e8f05b18f4218585e308b703346c2cd768ceb","SPITFIRE","2f14c94f6d3e0adf","8","","","human-review-v1","","",""
"human-golden-queue-v1","30e9d84fc23034ccb0eabac97f9e8f05b18f4218585e308b703346c2cd768ceb","SPLICES","c38210c4f3d2bb24","7","","","human-review-v1","","",""
"human-golden-queue-v1","30e9d84fc23034ccb0eabac97f9e8f05b18f4218585e308b703346c2cd768ceb","SPLODGES","dbae6431fa253a1b","8","","","human-review-v1","","",""
"human-golden-queue-v1","30e9d84fc23034ccb0eabac97f9e8f05b18f4218585e308b703346c2cd768ceb","SPLOTCHING","3ece932a220242c1","10","","","human-review-v1","","",""
"human-golden-queue-v1","30e9d84fc23034ccb0eabac97f9e8f05b18f4218585e308b703346c2cd768ceb","SPOUT","824e321a02812a64","5","","","human-review-v1","","",""
"human-golden-queue-v1","30e9d84fc23034ccb0eabac97f9e8f05b18f4218585e308b703346c2cd768ceb","SPRINGBOK","379ac970029910bf","9","","","human-review-v1","","",""
"human-golden-queue-v1","30e9d84fc23034ccb0eabac97f9e8f05b18f4218585e308b703346c2cd768ceb","SPRITZ","10177a58a4f10e24","6","","","human-review-v1","","",""
"human-golden-queue-v1","30e9d84fc23034ccb0eabac97f9e8f05b18f4218585e308b703346c2cd768ceb","SPROUT","a6862a4e71f26749","6","","","human-review-v1","","",""
"human-golden-queue-v1","30e9d84fc23034ccb0eabac97f9e8f05b18f4218585e308b703346c2cd768ceb","SPURTED","e558e5fa45a47e55","7","","","human-review-v1","","",""
"human-golden-queue-v1","30e9d84fc23034ccb0eabac97f9e8f05b18f4218585e308b703346c2cd768ceb","SPUTTERED","169df13a45bb3f18","9","","","human-review-v1","","",""
"human-golden-queue-v1","30e9d84fc23034ccb0eabac97f9e8f05b18f4218585e308b703346c2cd768ceb","SPY","f3b978b4c2bcbd8f","3","","","human-review-v1","","",""
"human-golden-queue-v1","30e9d84fc23034ccb0eabac97f9e8f05b18f4218585e308b703346c2cd768ceb","SQUEAKER","cae5ff56e525e5bb","8","","","human-review-v1","","",""
"human-golden-queue-v1","30e9d84fc23034ccb0eabac97f9e8f05b18f4218585e308b703346c2cd768ceb","SSW","91de3b7a34b2cebb","3","","","human-review-v1","","",""
"human-golden-queue-v1","30e9d84fc23034ccb0eabac97f9e8f05b18f4218585e308b703346c2cd768ceb","STAIN","1a5c8bb8bbd6650a","5","","","human-review-v1","","",""
"human-golden-queue-v1","30e9d84fc23034ccb0eabac97f9e8f05b18f4218585e308b703346c2cd768ceb","STAINS","40b154f240cd3acc","6","","","human-review-v1","","",""
"human-golden-queue-v1","30e9d84fc23034ccb0eabac97f9e8f05b18f4218585e308b703346c2cd768ceb","STAR","e151e1d9c8a00142","4","","","human-review-v1","","",""
"human-golden-queue-v1","30e9d84fc23034ccb0eabac97f9e8f05b18f4218585e308b703346c2cd768ceb","STARTLED","cd77a61445bd8a49","8","","","human-review-v1","","",""
"human-golden-queue-v1","30e9d84fc23034ccb0eabac97f9e8f05b18f4218585e308b703346c2cd768ceb","STATISTICIANS","33d0a4ae9ae88ac9","13","","","human-review-v1","","",""
"human-golden-queue-v1","30e9d84fc23034ccb0eabac97f9e8f05b18f4218585e308b703346c2cd768ceb","STD","d43bf0616bf76474","3","","","human-review-v1","","",""
"human-golden-queue-v1","30e9d84fc23034ccb0eabac97f9e8f05b18f4218585e308b703346c2cd768ceb","STEERAGE","1c1128974e44eb1a","8","","","human-review-v1","","",""
"human-golden-queue-v1","30e9d84fc23034ccb0eabac97f9e8f05b18f4218585e308b703346c2cd768ceb","STEPFAMILIES","f46325a032b4f2b8","12","","","human-review-v1","","",""
"human-golden-queue-v1","30e9d84fc23034ccb0eabac97f9e8f05b18f4218585e308b703346c2cd768ceb","STEPMOMS","033ece444a8b0995","8","","","human-review-v1","","",""
"human-golden-queue-v1","30e9d84fc23034ccb0eabac97f9e8f05b18f4218585e308b703346c2cd768ceb","STEPS","0a790bf360968af0","5","","","human-review-v1","","",""
"human-golden-queue-v1","30e9d84fc23034ccb0eabac97f9e8f05b18f4218585e308b703346c2cd768ceb","STET","85ca9c10d159009a","4","","","human-review-v1","","",""
"human-golden-queue-v1","30e9d84fc23034ccb0eabac97f9e8f05b18f4218585e308b703346c2cd768ceb","STIFFEN","6b06d848623fbcbd","7","","","human-review-v1","","",""
"human-golden-queue-v1","30e9d84fc23034ccb0eabac97f9e8f05b18f4218585e308b703346c2cd768ceb","STIFLED","03fa1a359b23797c","7","","","human-review-v1","","",""
"human-golden-queue-v1","30e9d84fc23034ccb0eabac97f9e8f05b18f4218585e308b703346c2cd768ceb","STIGMAS","6cfa32685f3a4060","7","","","human-review-v1","","",""
"human-golden-queue-v1","30e9d84fc23034ccb0eabac97f9e8f05b18f4218585e308b703346c2cd768ceb","STIPPLES","d0b92448177280d5","8","","","human-review-v1","","",""
"human-golden-queue-v1","30e9d84fc23034ccb0eabac97f9e8f05b18f4218585e308b703346c2cd768ceb","STIPULATIONS","0de77b8034504ffb","12","","","human-review-v1","","",""
"human-golden-queue-v1","30e9d84fc23034ccb0eabac97f9e8f05b18f4218585e308b703346c2cd768ceb","STOCKADED","233bc0f69ddfbd06","9","","","human-review-v1","","",""
"human-golden-queue-v1","30e9d84fc23034ccb0eabac97f9e8f05b18f4218585e308b703346c2cd768ceb","STOCKYARD","ae2af81a54ea816a","9","","","human-review-v1","","",""
"human-golden-queue-v1","30e9d84fc23034ccb0eabac97f9e8f05b18f4218585e308b703346c2cd768ceb","STOKE","292f6f274000e0c1","5","","","human-review-v1","","",""
"human-golden-queue-v1","30e9d84fc23034ccb0eabac97f9e8f05b18f4218585e308b703346c2cd768ceb","STONING","1656bb71d37a078a","7","","","human-review-v1","","",""
"human-golden-queue-v1","30e9d84fc23034ccb0eabac97f9e8f05b18f4218585e308b703346c2cd768ceb","STORE","be99ea823b46a319","5","","","human-review-v1","","",""
"human-golden-queue-v1","30e9d84fc23034ccb0eabac97f9e8f05b18f4218585e308b703346c2cd768ceb","STRAIGHTENED","00bd00c8f39f7421","12","","","human-review-v1","","",""
"human-golden-queue-v1","30e9d84fc23034ccb0eabac97f9e8f05b18f4218585e308b703346c2cd768ceb","STRAIGHTENER","51791016f4264ce3","12","","","human-review-v1","","",""
"human-golden-queue-v1","30e9d84fc23034ccb0eabac97f9e8f05b18f4218585e308b703346c2cd768ceb","STRENGTHENER","a2e263f53c675c52","12","","","human-review-v1","","",""
"human-golden-queue-v1","30e9d84fc23034ccb0eabac97f9e8f05b18f4218585e308b703346c2cd768ceb","STREPTOCOCCAL","744b3a6587c9231a","13","","","human-review-v1","","",""
"human-golden-queue-v1","30e9d84fc23034ccb0eabac97f9e8f05b18f4218585e308b703346c2cd768ceb","STURDILY","ba07603ef0b25d75","8","","","human-review-v1","","",""
"human-golden-queue-v1","30e9d84fc23034ccb0eabac97f9e8f05b18f4218585e308b703346c2cd768ceb","STY","ac93844a330886c9","3","","","human-review-v1","","",""
"human-golden-queue-v1","30e9d84fc23034ccb0eabac97f9e8f05b18f4218585e308b703346c2cd768ceb","STYPTIC","5d1cffe7a87c4678","7","","","human-review-v1","","",""
"human-golden-queue-v1","30e9d84fc23034ccb0eabac97f9e8f05b18f4218585e308b703346c2cd768ceb","SUBBING","cc262a3f2b7c329f","7","","","human-review-v1","","",""
"human-golden-queue-v1","30e9d84fc23034ccb0eabac97f9e8f05b18f4218585e308b703346c2cd768ceb","SUBORDINATED","aae8c931a6fd4d46","12","","","human-review-v1","","",""
"human-golden-queue-v1","30e9d84fc23034ccb0eabac97f9e8f05b18f4218585e308b703346c2cd768ceb","SUBSISTING","87bc94e51a7b048b","10","","","human-review-v1","","",""
"human-golden-queue-v1","30e9d84fc23034ccb0eabac97f9e8f05b18f4218585e308b703346c2cd768ceb","SUBSONIC","27d260038c07c70c","8","","","human-review-v1","","",""
"human-golden-queue-v1","30e9d84fc23034ccb0eabac97f9e8f05b18f4218585e308b703346c2cd768ceb","SUBSTANTIATES","4ec3165fe1c41d06","13","","","human-review-v1","","",""
"human-golden-queue-v1","30e9d84fc23034ccb0eabac97f9e8f05b18f4218585e308b703346c2cd768ceb","SUBTITLED","e2ed039f822eb827","9","","","human-review-v1","","",""
"human-golden-queue-v1","30e9d84fc23034ccb0eabac97f9e8f05b18f4218585e308b703346c2cd768ceb","SUET","930f585b0537af40","4","","","human-review-v1","","",""
"human-golden-queue-v1","30e9d84fc23034ccb0eabac97f9e8f05b18f4218585e308b703346c2cd768ceb","SUFFIXED","9a78a0b4642ff245","8","","","human-review-v1","","",""
"human-golden-queue-v1","30e9d84fc23034ccb0eabac97f9e8f05b18f4218585e308b703346c2cd768ceb","SUFFUSION","77184e242b4a6beb","9","","","human-review-v1","","",""
"human-golden-queue-v1","30e9d84fc23034ccb0eabac97f9e8f05b18f4218585e308b703346c2cd768ceb","SUITOR","edaf20fc779780ee","6","","","human-review-v1","","",""
"human-golden-queue-v1","30e9d84fc23034ccb0eabac97f9e8f05b18f4218585e308b703346c2cd768ceb","SULFONAMIDES","8b553e414dc50bd8","12","","","human-review-v1","","",""
"human-golden-queue-v1","30e9d84fc23034ccb0eabac97f9e8f05b18f4218585e308b703346c2cd768ceb","SULLENNESS","07871313764975d3","10","","","human-review-v1","","",""
"human-golden-queue-v1","30e9d84fc23034ccb0eabac97f9e8f05b18f4218585e308b703346c2cd768ceb","SULTANA","f9f41cbed4ae1d08","7","","","human-review-v1","","",""
"human-golden-queue-v1","30e9d84fc23034ccb0eabac97f9e8f05b18f4218585e308b703346c2cd768ceb","SUMMATION","27a936161c7a575a","9","","","human-review-v1","","",""
"human-golden-queue-v1","30e9d84fc23034ccb0eabac97f9e8f05b18f4218585e308b703346c2cd768ceb","SUMMONSING","67620dce8dbd6f96","10","","","human-review-v1","","",""
"human-golden-queue-v1","30e9d84fc23034ccb0eabac97f9e8f05b18f4218585e308b703346c2cd768ceb","SUNBURN","b6ebf83a52a6971f","7","","","human-review-v1","","",""
"human-golden-queue-v1","30e9d84fc23034ccb0eabac97f9e8f05b18f4218585e308b703346c2cd768ceb","SUNNITE","d198331d89806b49","7","","","human-review-v1","","",""
"human-golden-queue-v1","30e9d84fc23034ccb0eabac97f9e8f05b18f4218585e308b703346c2cd768ceb","SUNSPOTS","8a8ccb9782f3a390","8","","","human-review-v1","","",""
"human-golden-queue-v1","30e9d84fc23034ccb0eabac97f9e8f05b18f4218585e308b703346c2cd768ceb","SUPERANNUATED","73e32ada43bb8414","13","","","human-review-v1","","",""
"human-golden-queue-v1","30e9d84fc23034ccb0eabac97f9e8f05b18f4218585e308b703346c2cd768ceb","SUPERCARGO","6b0c096170952ea6","10","","","human-review-v1","","",""
"human-golden-queue-v1","30e9d84fc23034ccb0eabac97f9e8f05b18f4218585e308b703346c2cd768ceb","SUPERMAJORITY","0c27da0a2fd48d1d","13","","","human-review-v1","","",""
"human-golden-queue-v1","30e9d84fc23034ccb0eabac97f9e8f05b18f4218585e308b703346c2cd768ceb","SUPERSEDED","e804aab36e76d214","10","","","human-review-v1","","",""
"human-golden-queue-v1","30e9d84fc23034ccb0eabac97f9e8f05b18f4218585e308b703346c2cd768ceb","SUPPLER","b4cd0ca69fab0ffa","7","","","human-review-v1","","",""
"human-golden-queue-v1","30e9d84fc23034ccb0eabac97f9e8f05b18f4218585e308b703346c2cd768ceb","SUPRA","6359986cdba0039b","5","","","human-review-v1","","",""
"human-golden-queue-v1","30e9d84fc23034ccb0eabac97f9e8f05b18f4218585e308b703346c2cd768ceb","SURREPTITIOUSNESS","2a753097037dc4d0","17","","","human-review-v1","","",""
"human-golden-queue-v1","30e9d84fc23034ccb0eabac97f9e8f05b18f4218585e308b703346c2cd768ceb","SUSPICIONS","cb41d18b936cc66f","10","","","human-review-v1","","",""
"human-golden-queue-v1","30e9d84fc23034ccb0eabac97f9e8f05b18f4218585e308b703346c2cd768ceb","SUSS","178e39b8a83f5990","4","","","human-review-v1","","",""
"human-golden-queue-v1","30e9d84fc23034ccb0eabac97f9e8f05b18f4218585e308b703346c2cd768ceb","SUSTAINING","180d08a04cb706f8","10","","","human-review-v1","","",""
"human-golden-queue-v1","30e9d84fc23034ccb0eabac97f9e8f05b18f4218585e308b703346c2cd768ceb","SUTRA","f334f7e21b726927","5","","","human-review-v1","","",""
"human-golden-queue-v1","30e9d84fc23034ccb0eabac97f9e8f05b18f4218585e308b703346c2cd768ceb","SUV","3a96786510d8e59d","3","","","human-review-v1","","",""
"human-golden-queue-v1","30e9d84fc23034ccb0eabac97f9e8f05b18f4218585e308b703346c2cd768ceb","SWELL","fa167802307e218d","5","","","human-review-v1","","",""
"human-golden-queue-v1","30e9d84fc23034ccb0eabac97f9e8f05b18f4218585e308b703346c2cd768ceb","SYNCED","c1552199838e4f6a","6","","","human-review-v1","","",""
"human-golden-queue-v1","30e9d84fc23034ccb0eabac97f9e8f05b18f4218585e308b703346c2cd768ceb","TABERNACLE","00790d9c3305f9af","10","","","human-review-v1","","",""
"human-golden-queue-v1","30e9d84fc23034ccb0eabac97f9e8f05b18f4218585e308b703346c2cd768ceb","TABRIZ","a99dc31fcdc0d738","6","","","human-review-v1","","",""
"human-golden-queue-v1","30e9d84fc23034ccb0eabac97f9e8f05b18f4218585e308b703346c2cd768ceb","TACITURNLY","0da35beedc24bcb2","10","","","human-review-v1","","",""
"human-golden-queue-v1","30e9d84fc23034ccb0eabac97f9e8f05b18f4218585e308b703346c2cd768ceb","TAD","5c843d9e06e5dfe8","3","","","human-review-v1","","",""
"human-golden-queue-v1","30e9d84fc23034ccb0eabac97f9e8f05b18f4218585e308b703346c2cd768ceb","TAIGA","460c6a9c7d13a52a","5","","","human-review-v1","","",""
"human-golden-queue-v1","30e9d84fc23034ccb0eabac97f9e8f05b18f4218585e308b703346c2cd768ceb","TAILING","1aefb81a5df830e0","7","","","human-review-v1","","",""
"human-golden-queue-v1","30e9d84fc23034ccb0eabac97f9e8f05b18f4218585e308b703346c2cd768ceb","TAM","85b5524893762702","3","","","human-review-v1","","",""
"human-golden-queue-v1","30e9d84fc23034ccb0eabac97f9e8f05b18f4218585e308b703346c2cd768ceb","TAMPON","8f5f4e4e490204f0","6","","","human-review-v1","","",""
"human-golden-queue-v1","30e9d84fc23034ccb0eabac97f9e8f05b18f4218585e308b703346c2cd768ceb","TANNER","1b5699818647dfe3","6","","","human-review-v1","","",""
"human-golden-queue-v1","30e9d84fc23034ccb0eabac97f9e8f05b18f4218585e308b703346c2cd768ceb","TAO","a74ead1a6c99ec09","3","","","human-review-v1","","",""
"human-golden-queue-v1","30e9d84fc23034ccb0eabac97f9e8f05b18f4218585e308b703346c2cd768ceb","TARSI","8e3363ccffe8d8a4","5","","","human-review-v1","","",""
"human-golden-queue-v1","30e9d84fc23034ccb0eabac97f9e8f05b18f4218585e308b703346c2cd768ceb","TASSEL","dd387b96141ed6d1","6","","","human-review-v1","","",""
"human-golden-queue-v1","30e9d84fc23034ccb0eabac97f9e8f05b18f4218585e308b703346c2cd768ceb","TAT","0c8e1dfed1f4e1b5","3","","","human-review-v1","","",""
"human-golden-queue-v1","30e9d84fc23034ccb0eabac97f9e8f05b18f4218585e308b703346c2cd768ceb","TATTING","fed0f7281a1f04ec","7","","","human-review-v1","","",""
"human-golden-queue-v1","30e9d84fc23034ccb0eabac97f9e8f05b18f4218585e308b703346c2cd768ceb","TC","4da55cbf5697505d","2","","","human-review-v1","","",""
"human-golden-queue-v1","30e9d84fc23034ccb0eabac97f9e8f05b18f4218585e308b703346c2cd768ceb","TEAL","f8b02897f701f969","4","","","human-review-v1","","",""
"human-golden-queue-v1","30e9d84fc23034ccb0eabac97f9e8f05b18f4218585e308b703346c2cd768ceb","TEARFULLY","89299180636e0d73","9","","","human-review-v1","","",""
"human-golden-queue-v1","30e9d84fc23034ccb0eabac97f9e8f05b18f4218585e308b703346c2cd768ceb","TECH","ec9a6676be1e5e48","4","","","human-review-v1","","",""
"human-golden-queue-v1","30e9d84fc23034ccb0eabac97f9e8f05b18f4218585e308b703346c2cd768ceb","TECUMSEH","dcd40dd41f1428ac","8","","","human-review-v1","","",""
"human-golden-queue-v1","30e9d84fc23034ccb0eabac97f9e8f05b18f4218585e308b703346c2cd768ceb","TELESCOPED","193407a9a2a9915b","10","","","human-review-v1","","",""
"human-golden-queue-v1","30e9d84fc23034ccb0eabac97f9e8f05b18f4218585e308b703346c2cd768ceb","TELUGU","e91c01127929f694","6","","","human-review-v1","","",""
"human-golden-queue-v1","30e9d84fc23034ccb0eabac97f9e8f05b18f4218585e308b703346c2cd768ceb","TEMPEST","f778d76b34dd9d0d","7","","","human-review-v1","","",""
"human-golden-queue-v1","30e9d84fc23034ccb0eabac97f9e8f05b18f4218585e308b703346c2cd768ceb","TEMPTRESS","aafd4241ba201cdd","9","","","human-review-v1","","",""
"human-golden-queue-v1","30e9d84fc23034ccb0eabac97f9e8f05b18f4218585e308b703346c2cd768ceb","TEN","c1d99dcf9903b318","3","","","human-review-v1","","",""
"human-golden-queue-v1","30e9d84fc23034ccb0eabac97f9e8f05b18f4218585e308b703346c2cd768ceb","TENDED","7533674965ea3819","6","","","human-review-v1","","",""
"human-golden-queue-v1","30e9d84fc23034ccb0eabac97f9e8f05b18f4218585e308b703346c2cd768ceb","TET","50b753a57fb18737","3","","","human-review-v1","","",""
"human-golden-queue-v1","30e9d84fc23034ccb0eabac97f9e8f05b18f4218585e308b703346c2cd768ceb","TEXTED","74042e561b7fc6ce","6","","","human-review-v1","","",""
"human-golden-queue-v1","30e9d84fc23034ccb0eabac97f9e8f05b18f4218585e308b703346c2cd768ceb","THATCHING","2b7688aa3608fa6f","9","","","human-review-v1","","",""
"human-golden-queue-v1","30e9d84fc23034ccb0eabac97f9e8f05b18f4218585e308b703346c2cd768ceb","THAWING","e66ed78ee5dc70f2","7","","","human-review-v1","","",""
"human-golden-queue-v1","30e9d84fc23034ccb0eabac97f9e8f05b18f4218585e308b703346c2cd768ceb","THE","2a47149539741ed7","3","","","human-review-v1","","",""
"human-golden-queue-v1","30e9d84fc23034ccb0eabac97f9e8f05b18f4218585e308b703346c2cd768ceb","THINE","5ee6eab633392c65","5","","","human-review-v1","","",""
"human-golden-queue-v1","30e9d84fc23034ccb0eabac97f9e8f05b18f4218585e308b703346c2cd768ceb","THRONGED","c701ac9c933e76fe","8","","","human-review-v1","","",""
"human-golden-queue-v1","30e9d84fc23034ccb0eabac97f9e8f05b18f4218585e308b703346c2cd768ceb","THWACKS","8954564f51628bf2","7","","","human-review-v1","","",""
"human-golden-queue-v1","30e9d84fc23034ccb0eabac97f9e8f05b18f4218585e308b703346c2cd768ceb","THY","6c5617460f9124dc","3","","","human-review-v1","","",""
"human-golden-queue-v1","30e9d84fc23034ccb0eabac97f9e8f05b18f4218585e308b703346c2cd768ceb","TIC","d6346195c6ef5764","3","","","human-review-v1","","",""
"human-golden-queue-v1","30e9d84fc23034ccb0eabac97f9e8f05b18f4218585e308b703346c2cd768ceb","TIE","6c6b8b943371bb71","3","","","human-review-v1","","",""
"human-golden-queue-v1","30e9d84fc23034ccb0eabac97f9e8f05b18f4218585e308b703346c2cd768ceb","TIMPANI","83af94f138cb78b4","7","","","human-review-v1","","",""
"human-golden-queue-v1","30e9d84fc23034ccb0eabac97f9e8f05b18f4218585e308b703346c2cd768ceb","TIN","937d7b0ff5d8cb58","3","","","human-review-v1","","",""
"human-golden-queue-v1","30e9d84fc23034ccb0eabac97f9e8f05b18f4218585e308b703346c2cd768ceb","TIPTOES","1bcbc6dabd40366d","7","","","human-review-v1","","",""
"human-golden-queue-v1","30e9d84fc23034ccb0eabac97f9e8f05b18f4218585e308b703346c2cd768ceb","TIROL","da186add2b7aa550","5","","","human-review-v1","","",""
"human-golden-queue-v1","30e9d84fc23034ccb0eabac97f9e8f05b18f4218585e308b703346c2cd768ceb","TITILLATES","ca218f9d37b484a8","10","","","human-review-v1","","",""
"human-golden-queue-v1","30e9d84fc23034ccb0eabac97f9e8f05b18f4218585e308b703346c2cd768ceb","TLC","491c602551bf2a43","3","","","human-review-v1","","",""
"human-golden-queue-v1","30e9d84fc23034ccb0eabac97f9e8f05b18f4218585e308b703346c2cd768ceb","TLINGIT","68727c56e458586e","7","","","human-review-v1","","",""
"human-golden-queue-v1","30e9d84fc23034ccb0eabac97f9e8f05b18f4218585e308b703346c2cd768ceb","TOASTMISTRESS","3a43e1418f6199c1","13","","","human-review-v1","","",""
"human-golden-queue-v1","30e9d84fc23034ccb0eabac97f9e8f05b18f4218585e308b703346c2cd768ceb","TOKENIZING","9f63441b481df7dd","10","","","human-review-v1","","",""
"human-golden-queue-v1","30e9d84fc23034ccb0eabac97f9e8f05b18f4218585e308b703346c2cd768ceb","TOLERABLE","35aeec5af0441d9c","9","","","human-review-v1","","",""
"human-golden-queue-v1","30e9d84fc23034ccb0eabac97f9e8f05b18f4218585e308b703346c2cd768ceb","TOM","74899339baf86fa1","3","","","human-review-v1","","",""
"human-golden-queue-v1","30e9d84fc23034ccb0eabac97f9e8f05b18f4218585e308b703346c2cd768ceb","TOMTITS","ed2bc5c6de438073","7","","","human-review-v1","","",""
"human-golden-queue-v1","30e9d84fc23034ccb0eabac97f9e8f05b18f4218585e308b703346c2cd768ceb","TON","4534a28f105d4411","3","","","human-review-v1","","",""
"human-golden-queue-v1","30e9d84fc23034ccb0eabac97f9e8f05b18f4218585e308b703346c2cd768ceb","TONES","862e21824e80f7a6","5","","","human-review-v1","","",""
"human-golden-queue-v1","30e9d84fc23034ccb0eabac97f9e8f05b18f4218585e308b703346c2cd768ceb","TOOTHPICKS","8adc48a34e89756a","10","","","human-review-v1","","",""
"human-golden-queue-v1","30e9d84fc23034ccb0eabac97f9e8f05b18f4218585e308b703346c2cd768ceb","TOR","41b83dfdde4e74ca","3","","","human-review-v1","","",""
"human-golden-queue-v1","30e9d84fc23034ccb0eabac97f9e8f05b18f4218585e308b703346c2cd768ceb","TOSH","4b68e05dc2e13d01","4","","","human-review-v1","","",""
"human-golden-queue-v1","30e9d84fc23034ccb0eabac97f9e8f05b18f4218585e308b703346c2cd768ceb","TOTEMS","2fe527523e11081d","6","","","human-review-v1","","",""
"human-golden-queue-v1","30e9d84fc23034ccb0eabac97f9e8f05b18f4218585e308b703346c2cd768ceb","TOUT","060634670ad599a5","4","","","human-review-v1","","",""
"human-golden-queue-v1","30e9d84fc23034ccb0eabac97f9e8f05b18f4218585e308b703346c2cd768ceb","TOY","f7560f99de3fd141","3","","","human-review-v1","","",""
"human-golden-queue-v1","30e9d84fc23034ccb0eabac97f9e8f05b18f4218585e308b703346c2cd768ceb","TRACTS","4d098318c6100bc5","6","","","human-review-v1","","",""
"human-golden-queue-v1","30e9d84fc23034ccb0eabac97f9e8f05b18f4218585e308b703346c2cd768ceb","TRAITOROUS","47a849313346c9dd","10","","","human-review-v1","","",""
"human-golden-queue-v1","30e9d84fc23034ccb0eabac97f9e8f05b18f4218585e308b703346c2cd768ceb","TRAMPLED","966262210f9977a6","8","","","human-review-v1","","",""
"human-golden-queue-v1","30e9d84fc23034ccb0eabac97f9e8f05b18f4218585e308b703346c2cd768ceb","TRAMPLES","0b24d253f89b4824","8","","","human-review-v1","","",""
"human-golden-queue-v1","30e9d84fc23034ccb0eabac97f9e8f05b18f4218585e308b703346c2cd768ceb","TRANSCEIVER","d1351583c23b40f1","11","","","human-review-v1","","",""
"human-golden-queue-v1","30e9d84fc23034ccb0eabac97f9e8f05b18f4218585e308b703346c2cd768ceb","TRANSCENDENTALISM","56fb680861fcc6b0","17","","","human-review-v1","","",""
"human-golden-queue-v1","30e9d84fc23034ccb0eabac97f9e8f05b18f4218585e308b703346c2cd768ceb","TRANSCENDENTALIST","d19e8fb67bcf9441","17","","","human-review-v1","","",""
"human-golden-queue-v1","30e9d84fc23034ccb0eabac97f9e8f05b18f4218585e308b703346c2cd768ceb","TRANSCRIPTIONS","3bd1e8ea1a374dcb","14","","","human-review-v1","","",""
"human-golden-queue-v1","30e9d84fc23034ccb0eabac97f9e8f05b18f4218585e308b703346c2cd768ceb","TRANSFIXES","7c3e0d1b7f764aa0","10","","","human-review-v1","","",""
"human-golden-queue-v1","30e9d84fc23034ccb0eabac97f9e8f05b18f4218585e308b703346c2cd768ceb","TRANSGENIC","33e5310825fa968a","10","","","human-review-v1","","",""
"human-golden-queue-v1","30e9d84fc23034ccb0eabac97f9e8f05b18f4218585e308b703346c2cd768ceb","TRANSITED","cc169a1c85865f8e","9","","","human-review-v1","","",""
"human-golden-queue-v1","30e9d84fc23034ccb0eabac97f9e8f05b18f4218585e308b703346c2cd768ceb","TRANSLITERATES","bd6ab25eb9c7c288","14","","","human-review-v1","","",""
"human-golden-queue-v1","30e9d84fc23034ccb0eabac97f9e8f05b18f4218585e308b703346c2cd768ceb","TRANSMISSION","e2f27e00cc85211b","12","","","human-review-v1","","",""
"human-golden-queue-v1","30e9d84fc23034ccb0eabac97f9e8f05b18f4218585e308b703346c2cd768ceb","TRANSNATIONALS","7fe065ffb575cf36","14","","","human-review-v1","","",""
"human-golden-queue-v1","30e9d84fc23034ccb0eabac97f9e8f05b18f4218585e308b703346c2cd768ceb","TRANSPHOBIA","0945ec1d52ae7dee","11","","","human-review-v1","","",""
"human-golden-queue-v1","30e9d84fc23034ccb0eabac97f9e8f05b18f4218585e308b703346c2cd768ceb","TRAPPISTS","658988187cd8fae7","9","","","human-review-v1","","",""
"human-golden-queue-v1","30e9d84fc23034ccb0eabac97f9e8f05b18f4218585e308b703346c2cd768ceb","TREFOIL","10bc19f49192b3da","7","","","human-review-v1","","",""
"human-golden-queue-v1","30e9d84fc23034ccb0eabac97f9e8f05b18f4218585e308b703346c2cd768ceb","TRENDED","01301e2a39ae842d","7","","","human-review-v1","","",""
"human-golden-queue-v1","30e9d84fc23034ccb0eabac97f9e8f05b18f4218585e308b703346c2cd768ceb","TRESPASSING","1813b9aed4b278ce","11","","","human-review-v1","","",""
"human-golden-queue-v1","30e9d84fc23034ccb0eabac97f9e8f05b18f4218585e308b703346c2cd768ceb","TRIALING","a822956bf9c64190","8","","","human-review-v1","","",""
"human-golden-queue-v1","30e9d84fc23034ccb0eabac97f9e8f05b18f4218585e308b703346c2cd768ceb","TRISECT","c9b885044e85a8cd","7","","","human-review-v1","","",""
"human-golden-queue-v1","30e9d84fc23034ccb0eabac97f9e8f05b18f4218585e308b703346c2cd768ceb","TROVE","82b373d27c194b2a","5","","","human-review-v1","","",""
"human-golden-queue-v1","30e9d84fc23034ccb0eabac97f9e8f05b18f4218585e308b703346c2cd768ceb","TRUMPETER","4904a2f579031503","9","","","human-review-v1","","",""
"human-golden-queue-v1","30e9d84fc23034ccb0eabac97f9e8f05b18f4218585e308b703346c2cd768ceb","TRUNDLERS","edc9fbda60581aa3","9","","","human-review-v1","","",""
"human-golden-queue-v1","30e9d84fc23034ccb0eabac97f9e8f05b18f4218585e308b703346c2cd768ceb","TRUNDLING","67c778ebaa44a160","9","","","human-review-v1","","",""
"human-golden-queue-v1","30e9d84fc23034ccb0eabac97f9e8f05b18f4218585e308b703346c2cd768ceb","TTY","3a1ece1f30897561","3","","","human-review-v1","","",""
"human-golden-queue-v1","30e9d84fc23034ccb0eabac97f9e8f05b18f4218585e308b703346c2cd768ceb","TUBING","2aa377779cb606fa","6","","","human-review-v1","","",""
"human-golden-queue-v1","30e9d84fc23034ccb0eabac97f9e8f05b18f4218585e308b703346c2cd768ceb","TUN","551a05a9666a0a64","3","","","human-review-v1","","",""
"human-golden-queue-v1","30e9d84fc23034ccb0eabac97f9e8f05b18f4218585e308b703346c2cd768ceb","TUPLE","214599f2f9ad3ada","5","","","human-review-v1","","",""
"human-golden-queue-v1","30e9d84fc23034ccb0eabac97f9e8f05b18f4218585e308b703346c2cd768ceb","TUPPENNY","f49fe6b3222f30eb","8","","","human-review-v1","","",""
"human-golden-queue-v1","30e9d84fc23034ccb0eabac97f9e8f05b18f4218585e308b703346c2cd768ceb","TURBOT","bbc5d11d822f3609","6","","","human-review-v1","","",""
"human-golden-queue-v1","30e9d84fc23034ccb0eabac97f9e8f05b18f4218585e308b703346c2cd768ceb","TURPS","64308e67dd47579d","5","","","human-review-v1","","",""
"human-golden-queue-v1","30e9d84fc23034ccb0eabac97f9e8f05b18f4218585e308b703346c2cd768ceb","TUX","85eb1ef7931f842f","3","","","human-review-v1","","",""
"human-golden-queue-v1","30e9d84fc23034ccb0eabac97f9e8f05b18f4218585e308b703346c2cd768ceb","TWICE","e37be22ea4ef37a1","5","","","human-review-v1","","",""
"human-golden-queue-v1","30e9d84fc23034ccb0eabac97f9e8f05b18f4218585e308b703346c2cd768ceb","TWIT","adabd8080e0e69d7","4","","","human-review-v1","","",""
"human-golden-queue-v1","30e9d84fc23034ccb0eabac97f9e8f05b18f4218585e308b703346c2cd768ceb","TX","60075fe4a17ce9bd","2","","","human-review-v1","","",""
"human-golden-queue-v1","30e9d84fc23034ccb0eabac97f9e8f05b18f4218585e308b703346c2cd768ceb","TYMPANI","bfb6787edddf962b","7","","","human-review-v1","","",""
"human-golden-queue-v1","30e9d84fc23034ccb0eabac97f9e8f05b18f4218585e308b703346c2cd768ceb","TYRANNOSAURUS","8a585dd3e31d7d40","13","","","human-review-v1","","",""
"human-golden-queue-v1","30e9d84fc23034ccb0eabac97f9e8f05b18f4218585e308b703346c2cd768ceb","UDDERS","dfc03d18bdf8da3f","6","","","human-review-v1","","",""
"human-golden-queue-v1","30e9d84fc23034ccb0eabac97f9e8f05b18f4218585e308b703346c2cd768ceb","UFA","9827860071a52267","3","","","human-review-v1","","",""
"human-golden-queue-v1","30e9d84fc23034ccb0eabac97f9e8f05b18f4218585e308b703346c2cd768ceb","UHF","4cb0c6f29b4ebaf2","3","","","human-review-v1","","",""
"human-golden-queue-v1","30e9d84fc23034ccb0eabac97f9e8f05b18f4218585e308b703346c2cd768ceb","ULCERS","d19968310f7850d2","6","","","human-review-v1","","",""
"human-golden-queue-v1","30e9d84fc23034ccb0eabac97f9e8f05b18f4218585e308b703346c2cd768ceb","UMP","e62c54277c4555e0","3","","","human-review-v1","","",""
"human-golden-queue-v1","30e9d84fc23034ccb0eabac97f9e8f05b18f4218585e308b703346c2cd768ceb","UNALTERED","38e261866fbfa2ba","9","","","human-review-v1","","",""
"human-golden-queue-v1","30e9d84fc23034ccb0eabac97f9e8f05b18f4218585e308b703346c2cd768ceb","UNBUTTON","71f54450766eef9e","8","","","human-review-v1","","",""
"human-golden-queue-v1","30e9d84fc23034ccb0eabac97f9e8f05b18f4218585e308b703346c2cd768ceb","UNCHECK","15ae3d53499a72fd","7","","","human-review-v1","","",""
"human-golden-queue-v1","30e9d84fc23034ccb0eabac97f9e8f05b18f4218585e308b703346c2cd768ceb","UNCORROBORATED","aaed8d73e581aaf1","14","","","human-review-v1","","",""
"human-golden-queue-v1","30e9d84fc23034ccb0eabac97f9e8f05b18f4218585e308b703346c2cd768ceb","UNCRUSHABLE","2b908975ea2630b1","11","","","human-review-v1","","",""
"human-golden-queue-v1","30e9d84fc23034ccb0eabac97f9e8f05b18f4218585e308b703346c2cd768ceb","UNDERCURRENTS","aeba0207e3683cfb","13","","","human-review-v1","","",""
"human-golden-queue-v1","30e9d84fc23034ccb0eabac97f9e8f05b18f4218585e308b703346c2cd768ceb","UNDERCUTTING","ea294b7828cf71a9","12","","","human-review-v1","","",""
"human-golden-queue-v1","30e9d84fc23034ccb0eabac97f9e8f05b18f4218585e308b703346c2cd768ceb","UNDERLINES","8d059c55a5b362ba","10","","","human-review-v1","","",""
"human-golden-queue-v1","30e9d84fc23034ccb0eabac97f9e8f05b18f4218585e308b703346c2cd768ceb","UNDERMOST","911fc859634948ac","9","","","human-review-v1","","",""
"human-golden-queue-v1","30e9d84fc23034ccb0eabac97f9e8f05b18f4218585e308b703346c2cd768ceb","UNDERWEAR","2bf54d7bf0ca583c","9","","","human-review-v1","","",""
"human-golden-queue-v1","30e9d84fc23034ccb0eabac97f9e8f05b18f4218585e308b703346c2cd768ceb","UNDIMINISHED","de6108d5dc718a21","12","","","human-review-v1","","",""
"human-golden-queue-v1","30e9d84fc23034ccb0eabac97f9e8f05b18f4218585e308b703346c2cd768ceb","UNEASE","f58a6c5a6a9bcc50","6","","","human-review-v1","","",""
"human-golden-queue-v1","30e9d84fc23034ccb0eabac97f9e8f05b18f4218585e308b703346c2cd768ceb","UNENDURABLE","9575625938d21631","11","","","human-review-v1","","",""
"human-golden-queue-v1","30e9d84fc23034ccb0eabac97f9e8f05b18f4218585e308b703346c2cd768ceb","UNEQUIVOCAL","29f44285a54da347","11","","","human-review-v1","","",""
"human-golden-queue-v1","30e9d84fc23034ccb0eabac97f9e8f05b18f4218585e308b703346c2cd768ceb","UNFAILINGLY","8949e4db7560c2cf","11","","","human-review-v1","","",""
"human-golden-queue-v1","30e9d84fc23034ccb0eabac97f9e8f05b18f4218585e308b703346c2cd768ceb","UNGRACEFUL","e693352ef1c10df2","10","","","human-review-v1","","",""
"human-golden-queue-v1","30e9d84fc23034ccb0eabac97f9e8f05b18f4218585e308b703346c2cd768ceb","UNIMPRESSIVE","963e3c6e26d03b57","12","","","human-review-v1","","",""
"human-golden-queue-v1","30e9d84fc23034ccb0eabac97f9e8f05b18f4218585e308b703346c2cd768ceb","UNINTERESTED","b65fb22c22b5e120","12","","","human-review-v1","","",""
"human-golden-queue-v1","30e9d84fc23034ccb0eabac97f9e8f05b18f4218585e308b703346c2cd768ceb","UNITES","eb01a8276ad35a43","6","","","human-review-v1","","",""
"human-golden-queue-v1","30e9d84fc23034ccb0eabac97f9e8f05b18f4218585e308b703346c2cd768ceb","UNLATCHES","950c6114842fdc61","9","","","human-review-v1","","",""
"human-golden-queue-v1","30e9d84fc23034ccb0eabac97f9e8f05b18f4218585e308b703346c2cd768ceb","UNLAWFULNESS","10ba49308d303c94","12","","","human-review-v1","","",""
"human-golden-queue-v1","30e9d84fc23034ccb0eabac97f9e8f05b18f4218585e308b703346c2cd768ceb","UNLOVELIER","7ac7640ad316dc63","10","","","human-review-v1","","",""
"human-golden-queue-v1","30e9d84fc23034ccb0eabac97f9e8f05b18f4218585e308b703346c2cd768ceb","UNMADE","8ca720d41255bdc3","6","","","human-review-v1","","",""
"human-golden-queue-v1","30e9d84fc23034ccb0eabac97f9e8f05b18f4218585e308b703346c2cd768ceb","UNMANS","2b7396efbc464d3f","6","","","human-review-v1","","",""
"human-golden-queue-v1","30e9d84fc23034ccb0eabac97f9e8f05b18f4218585e308b703346c2cd768ceb","UNMOTIVATED","6562807494820ce1","11","","","human-review-v1","","",""
"human-golden-queue-v1","30e9d84fc23034ccb0eabac97f9e8f05b18f4218585e308b703346c2cd768ceb","UNPLACED","741e2c0df0df034a","8","","","human-review-v1","","",""
"human-golden-queue-v1","30e9d84fc23034ccb0eabac97f9e8f05b18f4218585e308b703346c2cd768ceb","UNSEEDED","4956851a14ab98af","8","","","human-review-v1","","",""
"human-golden-queue-v1","30e9d84fc23034ccb0eabac97f9e8f05b18f4218585e308b703346c2cd768ceb","UNSEEN","19cfb64fc5665799","6","","","human-review-v1","","",""
"human-golden-queue-v1","30e9d84fc23034ccb0eabac97f9e8f05b18f4218585e308b703346c2cd768ceb","UNSHACKLE","bde73af81e258577","9","","","human-review-v1","","",""
"human-golden-queue-v1","30e9d84fc23034ccb0eabac97f9e8f05b18f4218585e308b703346c2cd768ceb","UNSKILLFULLY","1ef9497563609d8c","12","","","human-review-v1","","",""
"human-golden-queue-v1","30e9d84fc23034ccb0eabac97f9e8f05b18f4218585e308b703346c2cd768ceb","UNTHINKABLE","7cf07bbcfa7b9a41","11","","","human-review-v1","","",""
"human-golden-queue-v1","30e9d84fc23034ccb0eabac97f9e8f05b18f4218585e308b703346c2cd768ceb","UNTOUCHABLE","071f3639501e3527","11","","","human-review-v1","","",""
"human-golden-queue-v1","30e9d84fc23034ccb0eabac97f9e8f05b18f4218585e308b703346c2cd768ceb","UNWAGED","7696983d55a51cb3","7","","","human-review-v1","","",""
"human-golden-queue-v1","30e9d84fc23034ccb0eabac97f9e8f05b18f4218585e308b703346c2cd768ceb","UNWARIEST","bde9adecc04d4bbd","9","","","human-review-v1","","",""
"human-golden-queue-v1","30e9d84fc23034ccb0eabac97f9e8f05b18f4218585e308b703346c2cd768ceb","UPENDS","31c27e5d8bcd6306","6","","","human-review-v1","","",""
"human-golden-queue-v1","30e9d84fc23034ccb0eabac97f9e8f05b18f4218585e308b703346c2cd768ceb","UPRIGHTS","0c01ca80f85c3c88","8","","","human-review-v1","","",""
"human-golden-queue-v1","30e9d84fc23034ccb0eabac97f9e8f05b18f4218585e308b703346c2cd768ceb","URALS","e6a0fabf235205aa","5","","","human-review-v1","","",""
"human-golden-queue-v1","30e9d84fc23034ccb0eabac97f9e8f05b18f4218585e308b703346c2cd768ceb","URETHRA","155031316bbef461","7","","","human-review-v1","","",""
"human-golden-queue-v1","30e9d84fc23034ccb0eabac97f9e8f05b18f4218585e308b703346c2cd768ceb","US","126e1d628f70f473","2","","","human-review-v1","","",""
"human-golden-queue-v1","30e9d84fc23034ccb0eabac97f9e8f05b18f4218585e308b703346c2cd768ceb","USA","eea0633eb3b31d53","3","","","human-review-v1","","",""
"human-golden-queue-v1","30e9d84fc23034ccb0eabac97f9e8f05b18f4218585e308b703346c2cd768ceb","USEFUL","176f31249ebcef3a","6","","","human-review-v1","","",""
"human-golden-queue-v1","30e9d84fc23034ccb0eabac97f9e8f05b18f4218585e308b703346c2cd768ceb","USN","be19f5af55e4ed8e","3","","","human-review-v1","","",""
"human-golden-queue-v1","30e9d84fc23034ccb0eabac97f9e8f05b18f4218585e308b703346c2cd768ceb","UTAHN","202998a6fed3c5b5","5","","","human-review-v1","","",""
"human-golden-queue-v1","30e9d84fc23034ccb0eabac97f9e8f05b18f4218585e308b703346c2cd768ceb","UTE","dec4a018860fe53c","3","","","human-review-v1","","",""
"human-golden-queue-v1","30e9d84fc23034ccb0eabac97f9e8f05b18f4218585e308b703346c2cd768ceb","UZI","96ca589eef3b8645","3","","","human-review-v1","","",""
"human-golden-queue-v1","30e9d84fc23034ccb0eabac97f9e8f05b18f4218585e308b703346c2cd768ceb","VALIANTLY","eb6d14bf795b6c6a","9","","","human-review-v1","","",""
"human-golden-queue-v1","30e9d84fc23034ccb0eabac97f9e8f05b18f4218585e308b703346c2cd768ceb","VAPORS","17641135a02397cd","6","","","human-review-v1","","",""
"human-golden-queue-v1","30e9d84fc23034ccb0eabac97f9e8f05b18f4218585e308b703346c2cd768ceb","VAR","852ae844d83fcd54","3","","","human-review-v1","","",""
"human-golden-queue-v1","30e9d84fc23034ccb0eabac97f9e8f05b18f4218585e308b703346c2cd768ceb","VENATION","08c2fd65bd9a4847","8","","","human-review-v1","","",""
"human-golden-queue-v1","30e9d84fc23034ccb0eabac97f9e8f05b18f4218585e308b703346c2cd768ceb","VEND","85febaaba26f7d00","4","","","human-review-v1","","",""
"human-golden-queue-v1","30e9d84fc23034ccb0eabac97f9e8f05b18f4218585e308b703346c2cd768ceb","VENEREAL","a908cb37e1e2993f","8","","","human-review-v1","","",""
"human-golden-queue-v1","30e9d84fc23034ccb0eabac97f9e8f05b18f4218585e308b703346c2cd768ceb","VENTURESOMELY","8c038d0cc2cdfd14","13","","","human-review-v1","","",""
"human-golden-queue-v1","30e9d84fc23034ccb0eabac97f9e8f05b18f4218585e308b703346c2cd768ceb","VENTUROUSNESS","50b7a580b6fa345c","13","","","human-review-v1","","",""
"human-golden-queue-v1","30e9d84fc23034ccb0eabac97f9e8f05b18f4218585e308b703346c2cd768ceb","VEST","5f2dc228a968f598","4","","","human-review-v1","","",""
"human-golden-queue-v1","30e9d84fc23034ccb0eabac97f9e8f05b18f4218585e308b703346c2cd768ceb","VEX","201600f65ebd0475","3","","","human-review-v1","","",""
"human-golden-queue-v1","30e9d84fc23034ccb0eabac97f9e8f05b18f4218585e308b703346c2cd768ceb","VFW","38ee88c2ad20c998","3","","","human-review-v1","","",""
"human-golden-queue-v1","30e9d84fc23034ccb0eabac97f9e8f05b18f4218585e308b703346c2cd768ceb","VHF","e177ccfac1099acf","3","","","human-review-v1","","",""
"human-golden-queue-v1","30e9d84fc23034ccb0eabac97f9e8f05b18f4218585e308b703346c2cd768ceb","VIA","b4ab3d078a6574ba","3","","","human-review-v1","","",""
"human-golden-queue-v1","30e9d84fc23034ccb0eabac97f9e8f05b18f4218585e308b703346c2cd768ceb","VICARIOUS","94f8acf8fdf87750","9","","","human-review-v1","","",""
"human-golden-queue-v1","30e9d84fc23034ccb0eabac97f9e8f05b18f4218585e308b703346c2cd768ceb","VILIFICATION","306a165e4ec4c3af","12","","","human-review-v1","","",""
"human-golden-queue-v1","30e9d84fc23034ccb0eabac97f9e8f05b18f4218585e308b703346c2cd768ceb","VILLAINESS","23e1918cb4a88f7e","10","","","human-review-v1","","",""
"human-golden-queue-v1","30e9d84fc23034ccb0eabac97f9e8f05b18f4218585e308b703346c2cd768ceb","VILLAINOUS","be5a1f15fe211e6a","10","","","human-review-v1","","",""
"human-golden-queue-v1","30e9d84fc23034ccb0eabac97f9e8f05b18f4218585e308b703346c2cd768ceb","VIM","1b9c27508899b11b","3","","","human-review-v1","","",""
"human-golden-queue-v1","30e9d84fc23034ccb0eabac97f9e8f05b18f4218585e308b703346c2cd768ceb","VINAIGRETTE","ca5fdbee5796abb4","11","","","human-review-v1","","",""
"human-golden-queue-v1","30e9d84fc23034ccb0eabac97f9e8f05b18f4218585e308b703346c2cd768ceb","VIOLENCE","a0b6e4dad59e10ba","8","","","human-review-v1","","",""
"human-golden-queue-v1","30e9d84fc23034ccb0eabac97f9e8f05b18f4218585e308b703346c2cd768ceb","VIOLONCELLISTS","027dc3741b307942","14","","","human-review-v1","","",""
"human-golden-queue-v1","30e9d84fc23034ccb0eabac97f9e8f05b18f4218585e308b703346c2cd768ceb","VISITORS","6915d9065ec6aca1","8","","","human-review-v1","","",""
"human-golden-queue-v1","30e9d84fc23034ccb0eabac97f9e8f05b18f4218585e308b703346c2cd768ceb","VITALIZES","bfcbee2b2f3cac70","9","","","human-review-v1","","",""
"human-golden-queue-v1","30e9d84fc23034ccb0eabac97f9e8f05b18f4218585e308b703346c2cd768ceb","VIVIFIED","b306ea8f973fd533","8","","","human-review-v1","","",""
"human-golden-queue-v1","30e9d84fc23034ccb0eabac97f9e8f05b18f4218585e308b703346c2cd768ceb","VIVISECTING","d81e37828e4c79ce","11","","","human-review-v1","","",""
"human-golden-queue-v1","30e9d84fc23034ccb0eabac97f9e8f05b18f4218585e308b703346c2cd768ceb","VLF","63d679be33f840bd","3","","","human-review-v1","","",""
"human-golden-queue-v1","30e9d84fc23034ccb0eabac97f9e8f05b18f4218585e308b703346c2cd768ceb","VOLTAIRE","a89bd19518d8fcdd","8","","","human-review-v1","","",""
"human-golden-queue-v1","30e9d84fc23034ccb0eabac97f9e8f05b18f4218585e308b703346c2cd768ceb","VULGARIZERS","68d4e6d3a9c83535","11","","","human-review-v1","","",""
"human-golden-queue-v1","30e9d84fc23034ccb0eabac97f9e8f05b18f4218585e308b703346c2cd768ceb","WACKER","d2a4b11a30577cbb","6","","","human-review-v1","","",""
"human-golden-queue-v1","30e9d84fc23034ccb0eabac97f9e8f05b18f4218585e308b703346c2cd768ceb","WAD","3a5c5e56536b5762","3","","","human-review-v1","","",""
"human-golden-queue-v1","30e9d84fc23034ccb0eabac97f9e8f05b18f4218585e308b703346c2cd768ceb","WADERS","b3a0d1304e232ea0","6","","","human-review-v1","","",""
"human-golden-queue-v1","30e9d84fc23034ccb0eabac97f9e8f05b18f4218585e308b703346c2cd768ceb","WAIN","dc8e8e04c6e9382d","4","","","human-review-v1","","",""
"human-golden-queue-v1","30e9d84fc23034ccb0eabac97f9e8f05b18f4218585e308b703346c2cd768ceb","WAMPUM","e4e34e2f8b163063","6","","","human-review-v1","","",""
"human-golden-queue-v1","30e9d84fc23034ccb0eabac97f9e8f05b18f4218585e308b703346c2cd768ceb","WANGLED","4f52306db176e432","7","","","human-review-v1","","",""
"human-golden-queue-v1","30e9d84fc23034ccb0eabac97f9e8f05b18f4218585e308b703346c2cd768ceb","WARDS","ecc5050409a7f4b3","5","","","human-review-v1","","",""
"human-golden-queue-v1","30e9d84fc23034ccb0eabac97f9e8f05b18f4218585e308b703346c2cd768ceb","WARMLY","e473caf918d37d65","6","","","human-review-v1","","",""
"human-golden-queue-v1","30e9d84fc23034ccb0eabac97f9e8f05b18f4218585e308b703346c2cd768ceb","WASHSTANDS","2594ae6946b1998d","10","","","human-review-v1","","",""
"human-golden-queue-v1","30e9d84fc23034ccb0eabac97f9e8f05b18f4218585e308b703346c2cd768ceb","WASTEPAPER","5d6b320add43f1f1","10","","","human-review-v1","","",""
"human-golden-queue-v1","30e9d84fc23034ccb0eabac97f9e8f05b18f4218585e308b703346c2cd768ceb","WATCHMAKING","e44a3305cb7f8bfa","11","","","human-review-v1","","",""
"human-golden-queue-v1","30e9d84fc23034ccb0eabac97f9e8f05b18f4218585e308b703346c2cd768ceb","WATERSIDES","f120a7b3eb4a21e8","10","","","human-review-v1","","",""
"human-golden-queue-v1","30e9d84fc23034ccb0eabac97f9e8f05b18f4218585e308b703346c2cd768ceb","WATERSKIING","77d417dc15e9e016","11","","","human-review-v1","","",""
"human-golden-queue-v1","30e9d84fc23034ccb0eabac97f9e8f05b18f4218585e308b703346c2cd768ceb","WAVEFORMS","75c8579f08dddb14","9","","","human-review-v1","","",""
"human-golden-queue-v1","30e9d84fc23034ccb0eabac97f9e8f05b18f4218585e308b703346c2cd768ceb","WAX","230b92d0ef164f4a","3","","","human-review-v1","","",""
"human-golden-queue-v1","30e9d84fc23034ccb0eabac97f9e8f05b18f4218585e308b703346c2cd768ceb","WAY","8a16e955776073b1","3","","","human-review-v1","","",""
"human-golden-queue-v1","30e9d84fc23034ccb0eabac97f9e8f05b18f4218585e308b703346c2cd768ceb","WEALTHIER","22e8c6868bb11e67","9","","","human-review-v1","","",""
"human-golden-queue-v1","30e9d84fc23034ccb0eabac97f9e8f05b18f4218585e308b703346c2cd768ceb","WEATHERPROOFED","5052fa48a7f538e0","14","","","human-review-v1","","",""
"human-golden-queue-v1","30e9d84fc23034ccb0eabac97f9e8f05b18f4218585e308b703346c2cd768ceb","WEBCAST","613ca39467e5781e","7","","","human-review-v1","","",""
"human-golden-queue-v1","30e9d84fc23034ccb0eabac97f9e8f05b18f4218585e308b703346c2cd768ceb","WEBINAR","c0381607a530ce0d","7","","","human-review-v1","","",""
"human-golden-queue-v1","30e9d84fc23034ccb0eabac97f9e8f05b18f4218585e308b703346c2cd768ceb","WEDDED","82ec62c3ef6e92fe","6","","","human-review-v1","","",""
"human-golden-queue-v1","30e9d84fc23034ccb0eabac97f9e8f05b18f4218585e308b703346c2cd768ceb","WEE","72e0a30ad729cd3c","3","","","human-review-v1","","",""
"human-golden-queue-v1","30e9d84fc23034ccb0eabac97f9e8f05b18f4218585e308b703346c2cd768ceb","WEEN","6b52236db9c8ae44","4","","","human-review-v1","","",""
"human-golden-queue-v1","30e9d84fc23034ccb0eabac97f9e8f05b18f4218585e308b703346c2cd768ceb","WEIRDOS","225ca8c264fa47f1","7","","","human-review-v1","","",""
"human-golden-queue-v1","30e9d84fc23034ccb0eabac97f9e8f05b18f4218585e308b703346c2cd768ceb","WEN","c570172a1373d3e7","3","","","human-review-v1","","",""
"human-golden-queue-v1","30e9d84fc23034ccb0eabac97f9e8f05b18f4218585e308b703346c2cd768ceb","WET","9d9c5c4c02a2d859","3","","","human-review-v1","","",""
"human-golden-queue-v1","30e9d84fc23034ccb0eabac97f9e8f05b18f4218585e308b703346c2cd768ceb","WHEEDLES","e8cdba61c3abdffe","8","","","human-review-v1","","",""
"human-golden-queue-v1","30e9d84fc23034ccb0eabac97f9e8f05b18f4218585e308b703346c2cd768ceb","WHEREUPON","fc572eeb822c08e8","9","","","human-review-v1","","",""
"human-golden-queue-v1","30e9d84fc23034ccb0eabac97f9e8f05b18f4218585e308b703346c2cd768ceb","WHINER","7288a826674ae506","6","","","human-review-v1","","",""
"human-golden-queue-v1","30e9d84fc23034ccb0eabac97f9e8f05b18f4218585e308b703346c2cd768ceb","WHIRLPOOL","58b36337574ef7bd","9","","","human-review-v1","","",""
"human-golden-queue-v1","30e9d84fc23034ccb0eabac97f9e8f05b18f4218585e308b703346c2cd768ceb","WHIRLS","50d94273d8cf1c59","6","","","human-review-v1","","",""
"human-golden-queue-v1","30e9d84fc23034ccb0eabac97f9e8f05b18f4218585e308b703346c2cd768ceb","WHISPERERS","850d954e5ddd561c","10","","","human-review-v1","","",""
"human-golden-queue-v1","30e9d84fc23034ccb0eabac97f9e8f05b18f4218585e308b703346c2cd768ceb","WHISTLING","cd4522ee2f8e88fd","9","","","human-review-v1","","",""
"human-golden-queue-v1","30e9d84fc23034ccb0eabac97f9e8f05b18f4218585e308b703346c2cd768ceb","WHITEFISH","2a922e7405889b0f","9","","","human-review-v1","","",""
"human-golden-queue-v1","30e9d84fc23034ccb0eabac97f9e8f05b18f4218585e308b703346c2cd768ceb","WHITENERS","2869d2541666d543","9","","","human-review-v1","","",""
"human-golden-queue-v1","30e9d84fc23034ccb0eabac97f9e8f05b18f4218585e308b703346c2cd768ceb","WHY","f57144c16ab45ce7","3","","","human-review-v1","","",""
"human-golden-queue-v1","30e9d84fc23034ccb0eabac97f9e8f05b18f4218585e308b703346c2cd768ceb","WIGHTS","18727d7e502b3858","6","","","human-review-v1","","",""
"human-golden-queue-v1","30e9d84fc23034ccb0eabac97f9e8f05b18f4218585e308b703346c2cd768ceb","WILTS","978272106ca2dd73","5","","","human-review-v1","","",""
"human-golden-queue-v1","30e9d84fc23034ccb0eabac97f9e8f05b18f4218585e308b703346c2cd768ceb","WINCHES","af0a5751340695ad","7","","","human-review-v1","","",""
"human-golden-queue-v1","30e9d84fc23034ccb0eabac97f9e8f05b18f4218585e308b703346c2cd768ceb","WINDJAMMERS","7406cc99d145f911","11","","","human-review-v1","","",""
"human-golden-queue-v1","30e9d84fc23034ccb0eabac97f9e8f05b18f4218585e308b703346c2cd768ceb","WINDOWPANES","3662c0193c03936a","11","","","human-review-v1","","",""
"human-golden-queue-v1","30e9d84fc23034ccb0eabac97f9e8f05b18f4218585e308b703346c2cd768ceb","WINDOWSILL","fd7dbc5c424e1faa","10","","","human-review-v1","","",""
"human-golden-queue-v1","30e9d84fc23034ccb0eabac97f9e8f05b18f4218585e308b703346c2cd768ceb","WING","aa80566b95cc0230","4","","","human-review-v1","","",""
"human-golden-queue-v1","30e9d84fc23034ccb0eabac97f9e8f05b18f4218585e308b703346c2cd768ceb","WINNER","a3ee107b27094991","6","","","human-review-v1","","",""
"human-golden-queue-v1","30e9d84fc23034ccb0eabac97f9e8f05b18f4218585e308b703346c2cd768ceb","WINO","88a884c0db6ab6d8","4","","","human-review-v1","","",""
"human-golden-queue-v1","30e9d84fc23034ccb0eabac97f9e8f05b18f4218585e308b703346c2cd768ceb","WISED","c628b5ead98c82ad","5","","","human-review-v1","","",""
"human-golden-queue-v1","30e9d84fc23034ccb0eabac97f9e8f05b18f4218585e308b703346c2cd768ceb","WISHBONE","617d0d25ba2befb3","8","","","human-review-v1","","",""
"human-golden-queue-v1","30e9d84fc23034ccb0eabac97f9e8f05b18f4218585e308b703346c2cd768ceb","WIT","83053b4f367176eb","3","","","human-review-v1","","",""
"human-golden-queue-v1","30e9d84fc23034ccb0eabac97f9e8f05b18f4218585e308b703346c2cd768ceb","WITHE","14308a00901cdf5a","5","","","human-review-v1","","",""
"human-golden-queue-v1","30e9d84fc23034ccb0eabac97f9e8f05b18f4218585e308b703346c2cd768ceb","WMD","70c3f67dac8ba1fd","3","","","human-review-v1","","",""
"human-golden-queue-v1","30e9d84fc23034ccb0eabac97f9e8f05b18f4218585e308b703346c2cd768ceb","WODGE","f85b612c48988f21","5","","","human-review-v1","","",""
"human-golden-queue-v1","30e9d84fc23034ccb0eabac97f9e8f05b18f4218585e308b703346c2cd768ceb","WOK","807cb6bfa16ffbd8","3","","","human-review-v1","","",""
"human-golden-queue-v1","30e9d84fc23034ccb0eabac97f9e8f05b18f4218585e308b703346c2cd768ceb","WOLD","b1322f53ec31a6b5","4","","","human-review-v1","","",""
"human-golden-queue-v1","30e9d84fc23034ccb0eabac97f9e8f05b18f4218585e308b703346c2cd768ceb","WOLVERINE","2b70d1cda2bb287c","9","","","human-review-v1","","",""
"human-golden-queue-v1","30e9d84fc23034ccb0eabac97f9e8f05b18f4218585e308b703346c2cd768ceb","WON","5a4bec56b95d1591","3","","","human-review-v1","","",""
"human-golden-queue-v1","30e9d84fc23034ccb0eabac97f9e8f05b18f4218585e308b703346c2cd768ceb","WONK","d6aff32ce5b55f02","4","","","human-review-v1","","",""
"human-golden-queue-v1","30e9d84fc23034ccb0eabac97f9e8f05b18f4218585e308b703346c2cd768ceb","WOODIER","9caba161a8cd8657","7","","","human-review-v1","","",""
"human-golden-queue-v1","30e9d84fc23034ccb0eabac97f9e8f05b18f4218585e308b703346c2cd768ceb","WOOFERS","fb11ddc0826b7910","7","","","human-review-v1","","",""
"human-golden-queue-v1","30e9d84fc23034ccb0eabac97f9e8f05b18f4218585e308b703346c2cd768ceb","WORKBENCHES","eee44bbbb2202a61","11","","","human-review-v1","","",""
"human-golden-queue-v1","30e9d84fc23034ccb0eabac97f9e8f05b18f4218585e308b703346c2cd768ceb","WORSENING","f01698277d5bb195","9","","","human-review-v1","","",""
"human-golden-queue-v1","30e9d84fc23034ccb0eabac97f9e8f05b18f4218585e308b703346c2cd768ceb","WOUNDING","3ed136acaa0cbf4e","8","","","human-review-v1","","",""
"human-golden-queue-v1","30e9d84fc23034ccb0eabac97f9e8f05b18f4218585e308b703346c2cd768ceb","WOUNDS","854f9327a711272b","6","","","human-review-v1","","",""
"human-golden-queue-v1","30e9d84fc23034ccb0eabac97f9e8f05b18f4218585e308b703346c2cd768ceb","WOW","ad45f5e488bf15ff","3","","","human-review-v1","","",""
"human-golden-queue-v1","30e9d84fc23034ccb0eabac97f9e8f05b18f4218585e308b703346c2cd768ceb","WRECK","dbe5dc717c82a685","5","","","human-review-v1","","",""
"human-golden-queue-v1","30e9d84fc23034ccb0eabac97f9e8f05b18f4218585e308b703346c2cd768ceb","WRESTLER","fcbde02bb60da9cc","8","","","human-review-v1","","",""
"human-golden-queue-v1","30e9d84fc23034ccb0eabac97f9e8f05b18f4218585e308b703346c2cd768ceb","WRINGERS","168db8fc36f474f2","8","","","human-review-v1","","",""
"human-golden-queue-v1","30e9d84fc23034ccb0eabac97f9e8f05b18f4218585e308b703346c2cd768ceb","WRITING","b6d3fd4cfdfdae9b","7","","","human-review-v1","","",""
"human-golden-queue-v1","30e9d84fc23034ccb0eabac97f9e8f05b18f4218585e308b703346c2cd768ceb","WRONGHEADEDLY","487d3ac488cb6a28","13","","","human-review-v1","","",""
"human-golden-queue-v1","30e9d84fc23034ccb0eabac97f9e8f05b18f4218585e308b703346c2cd768ceb","WRONGS","27b631c1549f513c","6","","","human-review-v1","","",""
"human-golden-queue-v1","30e9d84fc23034ccb0eabac97f9e8f05b18f4218585e308b703346c2cd768ceb","WSW","9937d35168f3428e","3","","","human-review-v1","","",""
"human-golden-queue-v1","30e9d84fc23034ccb0eabac97f9e8f05b18f4218585e308b703346c2cd768ceb","WWW","3ecca4d1a07ec9a2","3","","","human-review-v1","","",""
"human-golden-queue-v1","30e9d84fc23034ccb0eabac97f9e8f05b18f4218585e308b703346c2cd768ceb","WY","c9413d27dc6cd3b8","2","","","human-review-v1","","",""
"human-golden-queue-v1","30e9d84fc23034ccb0eabac97f9e8f05b18f4218585e308b703346c2cd768ceb","XOR","b1cb11616a042c6a","3","","","human-review-v1","","",""
"human-golden-queue-v1","30e9d84fc23034ccb0eabac97f9e8f05b18f4218585e308b703346c2cd768ceb","YAW","d9e5afd89e9dabc3","3","","","human-review-v1","","",""
"human-golden-queue-v1","30e9d84fc23034ccb0eabac97f9e8f05b18f4218585e308b703346c2cd768ceb","YE","4a4e71b5e19cbbb6","2","","","human-review-v1","","",""
"human-golden-queue-v1","30e9d84fc23034ccb0eabac97f9e8f05b18f4218585e308b703346c2cd768ceb","YEA","6d63577b363c3380","3","","","human-review-v1","","",""
"human-golden-queue-v1","30e9d84fc23034ccb0eabac97f9e8f05b18f4218585e308b703346c2cd768ceb","YEGG","4c24619485ffa61a","4","","","human-review-v1","","",""
"human-golden-queue-v1","30e9d84fc23034ccb0eabac97f9e8f05b18f4218585e308b703346c2cd768ceb","YEN","15b9875a272b704e","3","","","human-review-v1","","",""
"human-golden-queue-v1","30e9d84fc23034ccb0eabac97f9e8f05b18f4218585e308b703346c2cd768ceb","YEP","fe8e783ad3f6009a","3","","","human-review-v1","","",""
"human-golden-queue-v1","30e9d84fc23034ccb0eabac97f9e8f05b18f4218585e308b703346c2cd768ceb","YES","efe14a8744a45e2d","3","","","human-review-v1","","",""
"human-golden-queue-v1","30e9d84fc23034ccb0eabac97f9e8f05b18f4218585e308b703346c2cd768ceb","YET","81c0a2e082957f24","3","","","human-review-v1","","",""
"human-golden-queue-v1","30e9d84fc23034ccb0eabac97f9e8f05b18f4218585e308b703346c2cd768ceb","YEW","1d6c6d29abe809a0","3","","","human-review-v1","","",""
"human-golden-queue-v1","30e9d84fc23034ccb0eabac97f9e8f05b18f4218585e308b703346c2cd768ceb","YIP","c6bf66fab94a33f0","3","","","human-review-v1","","",""
"human-golden-queue-v1","30e9d84fc23034ccb0eabac97f9e8f05b18f4218585e308b703346c2cd768ceb","YON","213c48a48eeb434c","3","","","human-review-v1","","",""
"human-golden-queue-v1","30e9d84fc23034ccb0eabac97f9e8f05b18f4218585e308b703346c2cd768ceb","YOU","daadb92a02218236","3","","","human-review-v1","","",""
"human-golden-queue-v1","30e9d84fc23034ccb0eabac97f9e8f05b18f4218585e308b703346c2cd768ceb","YOUTUBING","a9fd45bfd9220b5f","9","","","human-review-v1","","",""
"human-golden-queue-v1","30e9d84fc23034ccb0eabac97f9e8f05b18f4218585e308b703346c2cd768ceb","YTTERBIUM","50afff9a21cbf044","9","","","human-review-v1","","",""
"human-golden-queue-v1","30e9d84fc23034ccb0eabac97f9e8f05b18f4218585e308b703346c2cd768ceb","YUK","2119c749142e19dd","3","","","human-review-v1","","",""
"human-golden-queue-v1","30e9d84fc23034ccb0eabac97f9e8f05b18f4218585e308b703346c2cd768ceb","YUM","a1583bdfeeda913b","3","","","human-review-v1","","",""
"human-golden-queue-v1","30e9d84fc23034ccb0eabac97f9e8f05b18f4218585e308b703346c2cd768ceb","YUP","802fa737df120e6c","3","","","human-review-v1","","",""
"human-golden-queue-v1","30e9d84fc23034ccb0eabac97f9e8f05b18f4218585e308b703346c2cd768ceb","YURT","4beefb04f7d16d21","4","","","human-review-v1","","",""
"human-golden-queue-v1","30e9d84fc23034ccb0eabac97f9e8f05b18f4218585e308b703346c2cd768ceb","ZAP","9e886a0925fdad6b","3","","","human-review-v1","","",""
"human-golden-queue-v1","30e9d84fc23034ccb0eabac97f9e8f05b18f4218585e308b703346c2cd768ceb","ZEALOTRY","7091f71d3bfb2a69","8","","","human-review-v1","","",""
"human-golden-queue-v1","30e9d84fc23034ccb0eabac97f9e8f05b18f4218585e308b703346c2cd768ceb","ZED","358e6e76c1f77068","3","","","human-review-v1","","",""
"human-golden-queue-v1","30e9d84fc23034ccb0eabac97f9e8f05b18f4218585e308b703346c2cd768ceb","ZEN","9cbf38d378738ce0","3","","","human-review-v1","","",""
"human-golden-queue-v1","30e9d84fc23034ccb0eabac97f9e8f05b18f4218585e308b703346c2cd768ceb","ZINES","3bde4bdb459e366b","5","","","human-review-v1","","",""
"human-golden-queue-v1","30e9d84fc23034ccb0eabac97f9e8f05b18f4218585e308b703346c2cd768ceb","ZIT","bc17b5c395700567","3","","","human-review-v1","","",""
"human-golden-queue-v1","30e9d84fc23034ccb0eabac97f9e8f05b18f4218585e308b703346c2cd768ceb","ZITI","54d2d0a77e669108","4","","","human-review-v1","","",""
"human-golden-queue-v1","30e9d84fc23034ccb0eabac97f9e8f05b18f4218585e308b703346c2cd768ceb","ZLOTYS","397434d86542dc5f","6","","","human-review-v1","","",""
